Planta Potabilizadora Nº3;;;;;
AÑO 2019;;;;;
;;;;;
DIA;HORA;CONDUCTIVIDAD (mS/cm);pH;ALCALINIDAD (ppm CaCO3);TURBIDEZ (UNT)
1/1/2019;;;;;
;Hora: 07:55;194,1;7,24;34;395
;Hora: 12:00;186,3;7,21;34;386
;Hora: 18:40;184,8;7,16;34;308
;Hora: 21:30;182,6;7,29;34;320
;Hora: 23:45;190,4;7,20;34;392
;Hora: 04:40;193,4;7,22;34;389
2/1/2019;Hora: 06:30;;;;
;Hora: 10:15;186,4;7,15;36;326
;Hora: 13:05;185,2;7,18;36;345
;Hora: 16:48;183,4;7,29;34;348
;Hora: 21:02;183,0;7,39;34;310
;Hora: 23:50;190,2;7,28;34;328
;Hora: 05:10;188,7;7,22;34;336
3/1/2019;Hora: 06:30;;;;
;Hora: 09:30;191,3;7,20;36;445
;Hora: 13:10;193,2;7,18;36;410
;Hora: 16:55;192,4;7,20;38;410
;Hora: 20:48;193,0;7,32;38;456
;Hora: 00:10;170,6;7,28;38;406
;Hora: 05:10;173,9;7,31;38;415
4/1/2019;Hora: 06:30;;;;
;Hora: 08:50;183,9;7,26;38;361
;Hora: 13:00;190,4;7,21;38;332
;Hora: 15:55;191,6;7,31;38;358
;Hora: 20:55;190,8;7,21;38;376
;Hora: 23:40;178,4;7,20;38;381
;Hora: 05:10;180,6;7,23;38;379
5/1/2019;;;;;
;Hora: 07:55;203,0;7,17;38;410
;Hora: 12:45;204,0;7,21;38;423
;Hora: 16:56;210,0;7,22;38;389
;Hora: 20:50;228,0;7,38;38;366
;Hora: 23:55;201,0;7,26;38;392
;Hora: 05:05;204,0;7,30;38;400
6/1/2019;;;;;
;Hora: 07:45;206,0;7,19;38;395
;Hora: 13:10;209,0;7,23;36;387
;Hora: 16:55;212,0;7,18;36;318
;Hora: 20:49;214,0;7,20;36;349
;Hora: 00:10;210,0;7,19;36;351
;Hora: 04:55;206,0;7,26;36;354
7/1/2019;;;;;
;Hora: 08:10;228,0;7,39;36;505
;Hora: 13:16;233,0;7,28;36;401
;Hora: 16:58;229,0;7,20;36;361
;Hora: 20:52;233,0;7,32;36;376
;Hora: 00:15;228,0;7,31;36;379
;Hora: 05:00;232,0;7,34;36;385
8/1/2019;Hora: 06:25;;;;
;Hora: 10:20;233,0;7,20;36;418
;Hora: 13:20;224,0;7,21;36;430
;Hora: 16:00;224,0;7,24;40;415
;;;;;
;;;;;
;;;;;
9/1/2019;;;;;
;;;;;
;Hora: 13:15;;;;
;Hora: 16:05;;;;
;Hora: 20:10;198,1;7,24;38;368
;Hora: 01:10;179,6;7,22;36;421
;Hora: 04:45;174,1;7,25;38;436
10/1/2019;Hora: 06:30;;;;
;Hora: 09:00;144,9;7,25;38;410
;Hora: 13:30;140,3;7,20;36;375
;Hora: 16:10;125,2;7,23;36;312
;Hora: 20:35;123,8;7,26;36;303
;Hora: 01:40;121,6;7,30;34;286
;Hora: 05:29;120,1;7,25;34;256
11/1/2019;;;;;
;Hora: 09:05;119,7;7,01;32;310
;Hora: 12:50;116,9;6,90;30;319
;Hora: No registró;117,6;6,88;30;335
;Hora: 20:20;115,6;6,85;30;346
;Hora: 01:41;117,9;7,27;30;320
;Hora: 05:12;116,8;7,12;30;296
12/1/2019;;;;;
;Hora: 08:00;117,9;6,96;30;319
;Hora: 12:20;116,3;6,91;30;326
;Hora: 16:10;118,3;6,89;30;321
;Hora: 20:30;120,6;6,85;30;338
;Hora: 01:39;119,8;7,27;34;333
;Hora: 05:00;121,6;7,22;34;320
13/1/2019;;;;;
;Hora: 08:00;117,3;6,89;30;319
;Hora: 12:40;116,3;6,90;30;327
;Hora: 16:30;122,6;7,05;30;365
;Hora: 20:20;125,3;6,97;30;387
;Hora: 01:05;123,9;7,13;30;296
;Hora: 05:02;121,8;7,28;30;316
14/1/2019;;;;;
;Hora: 09:15;136,9;6,94;30;290
;Hora: 13:15;140,3;7,02;30;287
;Hora: 16:25;172,8;7,09;30;273
;Hora: 20:15;144,2;6,98;30;292
;Hora: 01:00;140,6;7,22;30;318
;Hora: 04:10;138,6;7,29;30;302
15/1/2019;;;;;
;Hora: 08:50  ;;;;
;Hora: 12:35;139,3;6,90;30;340
;Hora: 15:35;149,4;6,92;30;396
;Hora: 20:25;147,3;6,98;30;394
;Hora: 00:59;142,8;7,03;30;351
;Hora: 04:58;140,8;7,12;30;318
16/1/2019;;;;;
;Hora: 08:30;157,9;7,03;30;380
;Hora: 12:50;154,6;7,12;30;377
;Hora: 15:35;170,0;7,19;30;363
;Hora: 19:45;167,2;7,16;30;384
;Hora: 00:05;164,8;7,22;32;389
;Hora: 04:35;162,5;7,19;32;365
17/1/2019;Hora: 06:26;;;;
;Hora: 09:49;169,4;7,26;30;370
;Hora: 13:08;168,1;7,36;32;508
;Hora: 15:30;167,6;7,20;32;501
;Hora: 20.30;164,2;7,13;32;497
;Hora: 00:05;154,8;7,19;32;310
;Hora: 04:35;155,9;7,22;32;267
18/1/2019;;;;;
;Hora: 08:15;147,2;7,16;32;319
;Hora: 11:50;146,2;7,15;32;281
;Hora: 16:00;148,7;7,19;30;309
;Hora: 19:55;147,7;7,13;30;302
;Hora: 00:45;148,3;7,18;32;306
;Hora: 04:50;146,1;7,19;32;291
19/1/2019;;;;;
;Hora: 08:20;149,3;7,12;30;309
;Hora: 12:00;142,6;7,17;30;313
;Hora: 16:10;149,7;7,13;30;319
;Hora: 19:55;150,6;7,18;30;327
;Hora: 00:10;141,2;7,16;30;329
;Hora: 04:40;135,8;7,21;30;316
20/1/2019;;;;;
;Hora: 08:25;146,2;7,19;32;351
;Hora: 13:10;148,6;7,23;30;364
;Hora: 16:00;143,9;7,20;30;360
;Hora: 19:40;147,9;7,18;30;352
;Hora: 00:10;148,3;7,21;30;325
;Hora: 04:40;144,2;7,24;30;358
21/1/2019;;;;;
;Hora: 07:40;143,9;7,25;30;374
;Hora: 11:40;154,3;7,27;32;362
;Hora: 15:25;167,9;7,15;30;387
;Hora: 19:40;169,7;7,13;30;398
;Hora: 00:15;163,2;7,19;32;319
;Hora: 04:45;151,6;7,15;32;294
22/1/2019;;;;;
;;;;;
;Hora: 12:50;137,8;7,11;32;309
;Hora: 15:45;132,5;7,15;32;300
;Hora: 20:05;130,1;7,17;32;308
;Hora: 00:40;139,6;7,14;32;296
;Hora: 05:15;140,6;7,19;32;279
23/1/2019;Hora: 06:30;;;;
;Hora: 10:15;131,8;7,00;32;312
;Hora: 13:08;130,8;7,01;32;290
;Hora: 16:25;132,4;7,10;32;285
;Hora: 20:00;130,2;7,14;32;288
;Hora: 00:00;132,9;7,16;32;293
;Hora: 04:55;140,1;7,18;32;296
24/1/2019;Hora: 06:20;;;;
;Hora: 10:08;138,7;7,04;30;259
;Hora: 13:09;149,8;7,11;30;332
;Hora: 15:40;138,8;7,15;30;296
;Hora: 20:35;136,9;7,20;30;294
;Hora: 00:10;142,7;7,15;30;288
;Hora: 04:40;140,1;7,17;30;292
25/1/2019;Hora: 06:18;;;;
;Hora: 09:20;138,3;6,96;30;233
;Hora: 12:58;137,4;7,21;30;290
;Hora: 16:05;135,9;7,26;30;297
;Hora: 20:15;136,8;7,21;30;306
;Hora: 23:50;146,9;7,15;30;316
;Hora: 04:50;149,3;7,17;30;320
26/1/2019;;;;;
;Hora: 09:02;148,2;7,28;30;314
;Hora: 12:45;149,6;7,25;30;329
;Hora: 16:00;151,8;7,19;30;343
;Hora: 20:55;158,6;7,21;30;338
;Hora: 23:30;166,9;7,08;36;338
;Hora: 04:50;162,7;7,06;36;342
27/1/2019;;;;;
;Hora: 09:28;166,7;7,29;32;350
;Hora: 12:38;168,8;7,20;32;375
;Hora: 16:15;161,3;7,12;32;362
;Hora: 20:00;163,1;7,19;32;370
;Hora: 00:50;167,6;7,16;32;318
;Hora: 04:55;166,1;7,13;32;333
28/1/2019;Hora: 06:30;;;;
;Hora: 08:55;179,0;7,21;40;340
;Hora: 13:15;176,8;7,15;40;365
;Hora: 16:20;181,9;7,18;38;381
;Hora: 20:20;188,9;7,21;38;390
;Hora: 00:00;184,9;7,19;36;398
;Hora: 04:45;187,2;7,13;36;401
29/1/2019;Hora: 06:30;;;;
;Hora: 09:20;180,2;7,19;38;437
;Hora: 12:00;193,9;7,18;38;466
;Hora: 16:48;191,8;7,21;36;491
;Hora: 20:50;196,8;7,26;36;496
;Hora: 23:00;196,9;7,22;36;493
;Hora: 04:45;198,8;7,26;36;498
30/1/2019;Hora: 06:30;;;;
;Hora: 10:00;208,0;7,15;36;513
;Hora: 13:15;210,0;7,19;36;556
;Hora: 17:39;216,0;7,18;36;528
;Hora: 20:39;209,0;7,12;36;510
;Hora: 00:20;213,0;7,16;36;525
;Hora: 05:20;217,0;7,21;36;529
31/1/2019;Hora: 06:20;;;;
;Hora: 09:40;211,0;7,16;44;463
;Hora: 13:10;214,0;7,15;44;481
;Hora: 17:38;219,0;7,24;44;496
;Hora: 20:58;224,0;7,22;44;556
;Hora: 23:45;220,0;7,19;44;562
;Hora: 05:20;223,0;7,21;44;552
1/2/2019;Hora: 06:20;;;;
;Hora: 09:55;218,0;7,19;44;452
;Hora: 13:10;220,0;7,15;44;467
;Hora: 17:18;218,0;7,31;44;498
;Hora: 20:50;212,0;7,26;44;520
;Hora: 23:40;215,0;7,18;44;529
;Hora: 05:10;217,0;7,21;44;537
2/2/2019;;;;;
;Hora: 08:15;205,0;7,19;44;407
;Hora: 13:00;201,0;7,23;42;391
;Hora: 16:59;206,0;7,10;42;366
;Hora: 21:08;214,0;7,16;44;322
;Hora: 23:05;209,0;7,19;44;350
;Hora: 05:15;211,0;7,21;44;368
3/2/2019;;;;;
;Hora: No registró;201,0;7,21;42;410
;Hora: 12:35;203,0;7,15;42;459
;Hora: 16:30;209,0;7,12;42;506
;Hora: 20:50;216,0;7,22;42;536
;Hora: 23:35;203,0;7,22;44;521
;Hora: 05:05;208,0;7,26;44;538
4/2/2019;Hora: 06:30;;;;
;Hora: 09:40;204,0;7,21;40;393
;Hora: 13:10;201,0;7,19;40;364
;Hora: 16:21;204,0;7,16;40;340
;Hora: 20:45;209,0;7,12;40;312
;Hora: 00:00;200,0;7,19;40;330
;Hora: 05:10;202,0;7,16;40;381
5/2/2019;;;;;
;Hora: 08:50;213,0;7,21;40;410
;Hora: 13:15;210,0;7,18;40;396
;Hora: 16:20;207,0;7,21;40;367
;Hora: 20:10;203,0;7,16;40;352
;Hora: 23:55;201,0;7,20;40;369
;Hora: 05:20;203,0;7,19;40;386
6/2/2019;;;;;
;Hora: 08:10;207,0;7,36;40;381
;Hora: 12:20;210,0;7,30;40;390
;Hora: 16:10;207,0;7,21;40;362
;Hora: 20:15;204,0;7,14;40;374
;Hora: 00:35;215,0;7,02;40;310
;Hora: 04:40;210,0;7,21;40;330
7/2/2019;;;;;
;Hora: 09:30;209,0;7,18;42;395
;Hora: 12:55;213,0;7,15;42;381
;Hora: 16:25;;;;
;Hora: 20:35;216,0;7,19;42;407
;Hora: 01:38;206,0;7,18;40;408
;Hora: 04:50;210,0;7,13;40;350
8/2/2019;;;;;
;Hora: 08:25;199,8;7,12;40;340
;Hora: 12:25;204,0;7,27;38;291
;Hora: 16:25;202,0;7,22;40;332
;Hora: 20:10;198,3;7,19;40;318
;Hora: 00:40;197,9;7,28;40;381
;Hora: 04:40;194,8;7,20;40;360
9/2/2019;;;;;
;Hora: 07:10;195,0;7,26;40;389
;Hora: 11:50;194,2;7,28;40;398
;Hora: 16:00;193,1;7,22;40;385
;;;;;
;;;;;
;;;;;
10/2/2019;;;;;
;;;;;
;;;;;
;Hora: 16:35;198,6;7,19;38;349
;Hora: 20:40;196,3;7,22;38;364
;Hora: 01:03;195,8;7,14;40;341
;Hora: 05:06;189,0;7,10;40;338
11/2/2019;;;;;
;Hora: 09:15;215,0;7,40;34;394
;Hora: 12:45;222,0;7,14;40;411
;Hora: 16:00;225,0;7,19;38;432
;Hora: 20:25;223,0;7,16;38;448
;Hora: 04:48;220,0;7,24;40;425
;Hora: 01:03;216,0;7,20;40;412
12/2/2019;Hora: 07:00;;;;
;Hora: 09:35;245,0;7,32;42;387
;Hora: 12:50;239,0;7,28;42;421
;Hora: 17:01;224,0;7,24;40;432
;Hora: 21:08;228,0;7,12;40;489
;Hora: 00:45;224,0;7,27;42;463
;Hora: 04:51;217,0;7,22;42;438
13/2/2019;Hora: 07:20;;;;
;Hora: 09:35;199,3;7,52;38;465
;Hora: 12:45;203,0;-;38;510
;Hora: 17:30;212,0;7,33;40;428
;Hora: 21:03;209,0;7,23;40;444
;Hora: 00:15;237,0;7,18;38;452
;Hora: 04:40;226,0;7,23;38;502
14/2/2019;Hora: 06:35;;;;
;Hora: 09:30;240,0;7,28;42;430
;Hora: 12:25;236,0;7,26;42;458
;Hora: 17:05;230,0;7,21;42;422
;Hora: 21:03;234,0;7,30;40;410
;Hora: 00:20;233,0;7,19;38;528
;Hora: 04:40;235,0;7,21;38;542
15/2/2019;;;;;
;Hora: 08:30;229,0;7,28;42;530
;Hora: 13:05;232,0;7,24;42;600
;Hora: 17:02;236,0;7,21;40;586
;Hora: 21:15;239,0;7,33;40;556
;Hora: 00:35;227,0;7,29;40;586
;Hora: 04:50;224,0;7,23;40;610
16/2/2019;;;;;
;Hora: 08:10;232,0;7,19;40;636
;Hora: 13:00;230,0;7,26;40;648
;Hora:  16:59;239,0;7,38;40;529
;Hora: 20:56;231,0;7,30;40;510
;Hora: 00:05;223,0;7,16;38;567
;Hora: 04:45;219,0;7,21;38;592
17/2/2019;;;;;
;Hora: 08:10;217,0;7,18;38;606
;Hora: 12:00;219,0;7,21;38;614
;Hora: 17:00;214,0;7,22;40;600
;Hora: 21:09;212,0;7,22;40;556
;Hora: 00:15;228,0;7,21;38;425
;Hora: 04:40;232,0;7,25;38;384
18/2/2019;Hora: 06:23;;;;
;Hora: 09:25;242,0;7,20;40;401
;Hora: 12:40;244,0;7,10;40;403
;Hora: 16:30;246,0;7,11;40;471
;Hora: 20:25;249,0;7,16;40;486
;Hora: 00:10;243,0;7,20;38;395
;Hora: 04:40 ;246,0;7,23;38;410
19/2/2019;Hora: 06:27;;;;
;Hora: 09:49;-;-;40;420
;Hora: 13:10;236,0;7,28;40;481
;Hora: 15:55;239,0;7,22;40;490
;Hora: 19:45;242,0;7,26;40;480
;Hora: 00:05;241,0;7,18;40;441
;Hora: 04:40;246,0;7,15;38;429
20/2/2019;Hora: 06:23;;;;
;Hora: 09:30;250,0;7,23;40;440
;Hora: 13:10;258,0;7,27;40;400
;Hora: 16:35;260,0;7,22;40;415
;Hora: 20:00;258,0;7,26;40;419
;Hora: 22:30;253,0;7,20;38;428
;Hora: 04:55;256,0;7,16;38;436
21/2/2019;;;;;
;Hora: 08:30;264,0;7,17;40;431
;Hora: 12:20;260,0;7,15;40;424
;Hora: 16:45;262,0;7,16;40;435
;Hora: 21:05;-;-;-;-
;Hora: 00:25;260,0;7,22;40;419
;Hora: 04:55;262,0;7,26;40;427
22/2/2019;Hora: 06:35;;;;
;Hora: 09:35;269,0;7,16;42;427
;Hora: 13:05;267,0;7,19;42;435
;Hora: 16:55;262,0;7,24;40;438
;Hora: 20:10;268,0;7,20;40;468
;Hora: 00:10;262,0;7,24;40;459
;Hora: 04:50;266,0;7,21;42;463
23/2/2019;;;;;
;Hora: 08:05;260,0;7,22;40;469
;Hora: 13:00;267,0;7,20;40;472
;Hora: 16:40;270,0;7,16;40;495
;Hora: 20:30;273,0;7,19;40;480
;Hora: 00:20;270,0;7,21;40;479
;Hora: 05:00;269,0;7,18;40;482
24/2/2019;;;;;
;Hora: 08:40;268,0;7,29;40;490
;Hora: 12:10;258,0;7,21;42;476
;Hora: 16:05;260,0;7,17;42;489
;Hora: 20:35;257,0;7,19;42;495
;Hora: 00:15;260,0;7,23;40;477
;Hora: 04:55;264,0;7,20;40;480
25/2/2019;Hora: 06:30;;;;
;Hora: 09:40;254,0;7,19;44;473
;Hora: 13:10;241,0;7,24;46;436
;Hora: 16:10;245,0;7,26;42;450
;Hora: 20:05;249,0;7,20;42;468
;Hora: 00:10;242,0;7,21;40;557
;Hora: 05:00;247,0;7,26;40;562
26/2/2019;Hora: 06:30;;;;
;Hora: 09:45;239,0;7,18;42;513
;Hora: 13:05;235,0;7,22;44;528
;Hora: 16:20;242,0;7,25;42;540
;Hora: 20:25;247,0;7,20;42;547
;Hora: 00:05;238,0;7,23;42;539
;Hora: 04:50;236,0;7,20;42;542
27/2/2019;Hora: 06:30;;;;
;Hora: 09:40;253,0;7,25;44;525
;Hora: 12:50;265,0;7,16;44;510
;Hora: 17:39;260,0;7,31;44;529
;Hora: 20:58;256,0;7,27;44;512
;Hora: 00:05;257,0;7,26;44;528
;Hora: 05:10;260,0;7,29;44;538
28/2/2019;Hora: 06:30;;;;
;Hora: 09:40;277,0;7,20;44;559
;Hora: 13:20;289,0;7,26;44;502
;Hora: 17:01;278,0;7,30;44;546
;Hora: 21:05;272,0;7,22;44;525
;Hora: 22:55;285,0;7,25;44;529
;Hora: 05:10;282,0;7,22;44;548
1/3/2019;;;;;
;Hora: 08:20;271;7,22;44;449
;Hora: 11:10;268;7,42;44;456
;Hora: 17:06;280;7,31;44;504
;Hora: 21:00;286;7,39;44;533
;Hora: 23:50;266;7,29;44;512
;Hora: 05:05;259;7,24;44;516
2/3/2019;;;;;
;Hora: 09:05;250;7,27;44;541
;Hora: 11:29;256;7,31;44;522
;Hora: 16:58;249;7,22;44;570
;Hora: 21:02;257;7,29;44;550
;Hora: 00:05;246;7,20;44;475
;Hora: 05:05;250;7,18;44;486
3/3/2019;;;;;
;Hora: 07:20;246;7,29;44;493
;Hora: 12:30;240;7,25;44;498
;Hora: 17:00;238;7,21;44;460
;Hora: 21:11;243;7,27;44;440
;Hora: 23:40;247;7,28;44;489
;Hora: 05:10;243;7,30;44;498
4/3/2019;;;;;
;Hora: 08:00;232;7,18;42;439
;Hora: 12:15;235;7,29;42;445
;Hora: 17:05;230;7,25;42;430
;Hora: 21:20;338;7,29;42;450
;Hora: 00:10;240;7,26;42;459
;Hora: 05:10;236;7,28;42;469
5/3/2019;;;;;
;Hora: 07:50;240;7,22;-;473
;Hora: 12:00;247;7,26;42;489
;Hora: 16:00;250;7,22;42;478
;Hora: 19:55;245;7,20;42;493
;Hora: 23:25;241;7,23;44;498
;Hora: 04:55;246;7,25;44;506
6/3/2019;Hora: 06:20;;;;
;Hora: 09:20;249;7,30;42;362
;Hora: 12:40;251;7,15;38;379
;Hora: 17:06;246;7,28;38;350
;Hora: 21:01;251;7,21;38;336
;Hora: 01:20;266;7,28;36;350
;Hora: 04:58;263;7,32;36;379
7/3/2019;;;;;
;Hora: 09:20;216;7,25;36;400
;Hora: 12:40;212;7,06;38;380
;Hora: 16:20;210;7,10;38;396
;Hora: 20:05;211;7,16;36;399
;Hora: 01:05;210;7,23;36;422
;Hora: 04:50;214;7,33;36;438
8/3/2019;;;;;
;Hora: 09:00;200;7,12;38;391
;Hora: 12:05;196,1;7,11;36;400
;Hora: 16:10;200;7,20;38;406
;Hora: 20:00;194,7;7,19;38;403
;Hora: 01:10;197,2;7,28;38;438
;Hora: 04:59;196,3;7,23;38;412
9/3/2019;;;;;
;Hora: 08:10;206;7,20;38;410
;Hora: 12:20;204;7,17;38;417
;Hora: 15:50;206;7,22;38;421
;Hora: 19:30;200;7,26;38;416
;Hora: 01:02;214;7,39;38;396
;Hora: 05:01;208;7,33;38;386
10/3/2019;;;;;
;Hora: 08:00;212;7,25;38;423
;Hora: 12:20;216;7,20;38;432
;Hora: 17:00;213;7,33;38;423
;Hora: 21:12;209;7,21;38;476
;Hora: 01:03;213;7,25;38;415
;Hora: 04:58;210;7,34;38;438
11/3/2019;;;;;
;Hora: 08:30;150,5;7,17;34;317
;Hora: 12:20;151,5;7,09;34;290
;Hora: 16:00;148,7;7,02;34;291
;Hora: 20:00;150,7;7,07;34;301
;Hora: 01:02;247;7,18;38;291
;Hora: 04:51;241;7,26;38;321
12/3/2019;Hora: 06:25;;;;
;Hora: 09:20;146,3;7,04;36;240
;Hora: 12:35;149,7;7,11;34;258
;Hora: 16:05;150,6;7,17;36;278
;Hora: 19:45;145,9;7,13;36;290
;Hora: 01:00;142,8;7,24;36;266
;Hora: 04:55;141,0;7,33;36;232
13/3/2019;;;;;
;Hora: 08:05;151,6;7,20;36;269
;Hora: 12:20;154,2;7,20;36;241
;Hora: 15:50;150,3;7,21;36;253
;Hora: 20:00;148,7;7,20;36;258
;Hora: 00:00;148,9;7,22;38;261
;Hora: 04:55;150,2;7,20;38;266
14/3/2019;Hora: 07:00;;;;
;Hora: 10:05;169,4;7,16;36;237
;Hora: 13:30;173,3;7,11;32;230
;Hora: 17:15;170,4;7,17;36;237
;Hora: 19:40;173,9;7,18;36;242
;Hora: 01:25;174,9;7,38;36;256
;Hora: 04:49;172,6;7,31;36;285
15/3/2019;Hora: 06:55;;;;
;Hora: 09:55;168,9;7,28;36;257
;Hora: 12:55;174,4;7,18;36;239
;Hora: 16:00;178,1;7,20;36;242
;Hora: 19:45;173,6;7,22;36;268
;Hora: 01:25;170,6;7,21;36;241
;Hora: 05:10;172,6;-;36;220
16/3/2019;;;;;
;Hora: 09:20;175,9;7,11;36;255
;;"11:30 h a 14:00 h - Se redujo caudal de agua cruda por problemas eléctricos. Bombas de impulsión fuera de servicio.
14:40 h - Informaron que se normaliza el caudal de la planta y entran en servicio las bombas de impulsión.";;;
;"Hora: 15;10";;;;
;"Hora: 19;50";176,1;7,26;36;273
;Hora: 00:05;177,4;7,16;36;280
;Hora: 05:00;176,9;7,18;36;296
17/3/2019;;;;;
;Hora: 08:10;181,6;7,19;36;312
;Hora: 12:40;180,9;7,21;36;316
;Hora: 16:00;177,9;7,20;36;307
;Hora: 19:35;180,1;7,23;36;303
;Hora: 00:00;178,1;7,23;36;302
;Hora: 05:00;180,1;7,26;36;307
18/3/2019;Hora: 06:20;;;;
;Hora: 10:20;181,0;7,14;36;539
;Hora: 12:10;181,2;7,28;36;512
;Hora: 16:00;180,7;7,21;36;401
;Hora: 20:20;183,6;7,20;36;466
;Hora: 01:15;180,2;7,26;36;480
;Hora: 05:00;182,4;7,21;36;489
19/3/2019;Hora: 06:36;;;;
;Hora: 10:15;185,4;-;36;540
;Hora: 12:10;192,8;7,02;38;458
;Hora: 15:15;188,5;7,15;38;465
;Hora: 19:30;190,2;7,19;38;476
;Hora: 23:30;181,9;7,27;36;468
;Hora: 05:00;182,7;7,22;38;473
20/3/2019;Hora: 06:27;;;;
;Hora: 09:35;180,3;7,18;36;458
;Hora: 13:00;182,6;7,22;36;482
;Hora: 16:20;184,6;7,18;36;497
;Hora: 20:05;188,7;7,16;36;512
;Hora: 00:20;180,7;7,12;36;569
;Hora: 05:00;179,6;7,14;36;578
21/3/2019;Hora: 06:23;;;;
;Hora: 09:50;178,1;7,05;36;560
;Hora: 13:30;179,1;7,19;36;520
;Hora: 15:55;172,1;7,16;36;512
;Hora: 19:50;175,4;7,12;36;506
;Hora: 00:20;176,9;7,15;36;476
;Hora: 04:50;178,7;7,19;36;490
22/3/2019;Hora: 06:15;;;;
;Hora: 09:50;177,8;7,21;36;537
;Hora: 13:29;178,0;7,28;36;520
;Hora: 16:10;176,9;7,22;36;529
;Hora: No registró;173,9;7,19;36;521
;Hora: 00:00;176,9;7,17;36;487
;Hora: 04:55;178,4;7,20;36;507
23/3/2019;;;;;
;Hora: 09:35;180,8;7,30;36;519
;Hora: 12:50;178,1;7,25;36;570
;Hora: 15:40;180,8;7,27;36;585
;Hora: 20:05;175,3;7,22;36;583
;Hora: 00:05;179,1;7,20;36;548
;Hora: 04:55;182,9;7,23;36;562
24/3/2019;;;;;
;Hora: 09:41;181,0;7,20;36;540
;Hora: 12:49;180,1;7,27;36;520
;Hora: 16:10;183,7;7,23;36;562
;Hora: 20:20;180,6;7,19;36;574
;Hora: 00:25;185,7;7,28;36;592
;Hora: 04:40;184,0;7,30;36;597
25/3/2019;Hora: 06:30;;;;
;Hora: 10:10;176,2;7,21;36;425
;Hora: 12:50;174,2;7,24;38;429
;Hora: 16:15;177,9;7,20;36;420
;Hora: 20:55;174,9;7,17;36;416
;Hora: 00:25;173,1;7,20;38;417
;Hora: 04:45;177,9;7,17;38;421
26/3/2019;Hora: 06:30;;;;
;Hora: 09:25;170,6;7,16;38;467
;Hora: 13:00;171,7;7,14;38;436
;Hora: 16:50;180,8;7,21;38;420
;Hora: 21:06;182,6;7,32;38;402
;Hora: 23:55;178,9;7,19;36;484
;Hora: 05:00;179,8;7,11;36;490
27/3/2019;Hora: 06:30;;;;
;Hora: 10:00;172,3;7,21;38;459
;Hora: 13:05;171,3;7,23;38;467
;Hora: 17:40;170,6;7,25;38;421
;Hora: 21:29;178,1;7,31;38;456
;Hora: 23:55;174,1;7,20;38;480
;Hora: 04:50;172,9;7,25;38;479
28/3/2019;Hora: 06:30;;;;
;Hora: 09:25;179,2;7,21;38;505
;Hora: 12:40;180,6;7,16;38;493
;Hora: 17:25;178,8;7,27;38;481
;Hora: 21:00;180,7;7,23;38;420
;Hora: 23:55;171,3;7,25;38;459
;Hora: 05:00;176,4;7,28;38;469
29/3/2019;Hora: 06:20;;;;
;Hora: 10:05;191,6;7,19;38;448
;Hora: 13:05;192,6;7,22;38;483
;Hora: 17:25;190,8;7,33;38;425
;Hora: 21:10;188,4;7,21;38;486
;Hora: 23:35;188,5;7,15;38;489
;Hora: 05:10;191,5;7,19;38;495
30/3/2019;;;;;
;Hora: 08:35;195,1;7,25;30;487
;Hora: 13:00;193,1;7,24;30;495
;Hora: 17:10;190,1;7,29;38;480
;Hora: 21:30;188,6;7,20;38;430
;Hora: 23:50;195,2;7,19;38;498
;Hora: 05:00;192,9;7,23;38;492
31/3/2019;;;;;
;Hora: 09:20;197,9;7,24;38;516
;Hora: 12:40;195,3;7,21;38;495
;Hora: 17:30;193,4;7,36;38;480
;Hora: 21:00;192,4;7,31;38;410
;Hora: 23:40;188,5;7,15;38;496
;Hora: 04:55;191,6;7,19;38;519
1/4/2019;Hora: 06:35;;;;
;Hora: 09:50;197,1;7,12;38;379
;Hora: 13:05;199,1;7,17;38;388
;Hora: 16:10;196,1;7,28;38;396
;Hora: 21:05;196,1;7,32;38;350
;Hora: 23:40;188,1;7,20;38;395
;Hora: 05:00;190,6;7,23;38;395
2/4/2019;;;;;
;Hora: 08:20;191,1;7,23;36;421
;Hora: 12:30;197,1;7,18;36;417
;Hora: 16:05;188,3;7,15;38;462
;Hora: 20:40;190,6;7,23;38;441
;Hora: 23:20;193,5;7,26;38;446
;Hora: 05:05;192,0;7,28;38;461
3/4/2019;Hora: 06:25;;;;
;Hora: 09:55;207,0;6,97;42;466
;Hora: 13:10;201,0;7,06;40;472
;Hora: 16:10;203,0;7,12;40;463
;Hora: 20:30;205,0;7,08;40;487
;Hora: 01:39;207,0;7,30;38;421
;Hora: 04:48;210,0;7,38;38;430
4/4/2019;Hora: 06:25;;;;
;Hora: 09:05;218,0;7,02;40;425
;Hora: 12:55;210,0;7,06;40;439
;Hora: 15:55;205,0;7,02;38;463
;Hora: 20:15;208,0;7,07;38;475
;Hora: 01:01;212,0;7,39;38;496
;Hora: 04:39;209,0;7,32;38;451
5/4/2019;Hora: 06:25;;;;
;Hora: 09:30;181,4;6,98;40;201
;Hora: 13:00;172,9;6,93;40;279
;Hora: 16:10;170,6;6,97;38;346
;Hora: 20:25;172,4;6,93;38;335
;Hora: 01:31;170,2;7,36;38;439
;Hora: 05:11;168,1;7,30;38;411
6/4/2019;;;;;
;Hora: 08:25;173,1;7,19;40;407
;Hora: 12:00;169,9;7,16;40;417
;Hora: 16:20;174,2;7,11;38;435
;Hora: 20:30;178,1;7,05;38;447
;Hora: 00:39;170,6;7,20;38;432
;Hora: 05:01;173,1;7,31;38;412
7/4/2019;;;;;
;Hora: 08:20;169,7;7,20;40;431
;Hora: 12:20;171,2;7,17;40;449
;Hora: 16:30;172,4;7,12;40;475
;Hora: 20:10;174,8;7,15;40;462
;Hora: 01:30;172,0;7,28;38;418
;Hora: 05:00;171,6;7,32;38;426
8/4/2019;Hora: 07:00;;;;
;Hora: 09:50;190,6;7,09;44;427
;Hora: 13:05;191,6;7,12;44;431
;Hora: 16:25;192,6;7,15;46;447
;Hora: 20:3;193,8;7,11;44;423
;Hora: 01:04;194,2;7,33;44;430
;Hora: 05:01;192,3;7,25;44;481
9/4/2019;Hora: 06:35;;;;
;Hora: 09:20;;;;
;Hora: 13:20;220,0;7,19;44;420
;Hora: 16:20;217,0;7,16;42;476
;Hora: 20:00;214,0;7,18;42;449
;Hora: 00:39;210,0;7,33;42;430
;Hora: 05:04;214,0;7,38;42;412
10/4/2019;Hora: 06:55;;;;
;Hora: 09:25;195,1;7,14;44;430
;Hora: 12:50;185,2;7,03;42;391
;Hora: 16:35;181,9;7,07;42;417
;Hora: 19:55;186,9;7,03;42;409
;Hora: 00:15;182,3;7,12;44;396
;Hora: 04:50;181,6;7,08;44;408
11/4/2019;;;;;
;Hora: 08:20;186,8;6,98;44;396
;Hora: 12:45;183,9;6,96;44;402
;Hora: 17:05;183,1;7,01;44;423
;Hora: 20:30;180,1;7,06;44;401
;Hora: 00:25;185,6;7,15;44;389
;Hora: 04:50;183,8;7,12;44;408
12/4/2019;;;;;
;Hora: 08:10;173,3;7,15;44;507
;Hora: 12:40;179,4;7,03;42;508
;Hora: 16:05;176,2;7,07;42;566
;Hora: 19:55;172,9;7,06;42;572
;Hora: 00:10;181,5;7,16;42;576
;Hora: 04:40;182,3;7,13;42;585
13/4/2019;;;;;
;Hora: 09:00;178,4;7,13;40;610
;Hora: 12:50;177,2;7,16;40;769
;Hora: 15:50;172,7;7,03;42;683
;Hora: 19:30;180,6;7,09;42;690
;Hora: 00:15;183,9;7,16;40;820
;Hora: 04:50;182,1;7,19;40;952
14/4/2019;;;;;
;Hora: 09:30;179,6;7,15;40;695
;Hora: 13:00;176,4;7,18;40;603
;Hora: 16:05;180,9;7,07;40;612
;Hora: 20:30;181,9;7,04;40;603
;Hora: 00:15;182,8;7,11;44;582
;Hora: 04:50;183,4;7,14;44;541
15/4/2019;Hora: 06:27;;;;
;Hora: 09:29;183,0;7,08;44;465
;;;;;
;Hora: 16:00;181,9;7,19;42;527
;Hora: 20:20;186,2;7,09;42;518
;Hora: 00:15;185,4;7,05;44;476
;Hora: 04:35;184,2;7,11;44;492
16/4/2019;Hora: 07:00;;;;
;Hora: 09:50;187,9;7,26;42;404
;Hora: No regitro;186,0;7,21;42;486
;Hora: 16:15;184,2;7,16;42;457
;Hora: 20:15;182,8;7,12;42;483
;Hora: 00:35;187,2;7,19;42;496
;Hora: 04:35;185,7;7,22;42;482
17/4/2019;;;;;
;Hora: 09:30;185,5;7,29;44;489
;Hora: 12:30;186,0;7,24;44;448
;Hora: 17:00;187,1;7,21;44;418
;Hora: 21:00;186,7;7,31;44;430
;Hora: 00:10;180,9;7,16;42;429
;Hora: 05:00;183,6;7,20;44;436
18/4/2019;;;;;
;Hora: 09:20;186,0;7,29;42;418
;Hora: 12:50;187,8;7,36;42;444
;Hora: 16:29;185,1;7,28;42;410
;Hora: 20:50;183,6;7,23;42;431
;Hora: 00:25;187,1;7,17;42;423
;Hora: 05:00;180,9;7,19;42;437
19/4/2019;;;;;
;Hora: 09:29;188,6;7,28;44;421
;Hora: 12:55;183,4;7,25;44;481
;Hora: 16:40;184,8;7,30;44;458
;Hora: 20:28;182,6;7,22;44;420
;Hora: 00:05;169,2;7,16;42;459
;Hora: 05:00;223,0;7,11;42;470
20/4/2019;;;;;
;Hora: 09:40;218,0;7,20;42;455
;Hora: 12:48;220,0;7,29;42;436
;Hora: 16:00;221,0;7,19;42;443
;Hora: 20:25;243,0;7,20;42;460
;Hora: 00:30;227,0;7,23;44;467
;Hora: 04:55;221,0;7,20;44;459
21/4/2019;;;;;
;Hora: 09:39;218,0;7,31;44;441
;Hora: 12:51;224,0;7,25;44;431
;Hora: 16:20;183,9;7,19;42;457
;Hora: 20:05;180,9;7,13;42;461
;Hora: 00:10;179,2;7,19;40;410
;Hora: 04:55;181,6;7,17;40;407
22/4/2019;Hora: 06:25;;;;
;Hora: 09:29;177,2;7,16;46;330
;Hora: 13:00;178,9;7,13;46;356
;Hora: 16:25;181,7;7,16;44;372
;Hora: 20:00;180,6;7,20;44;389
;Hora: 00:10;176,9;7,21;42;376
;Hora: 04:55;179,8;7,26;42;381
23/4/2019;Hora: 06:30;;;;
;Hora: 10:00;180,0;7,11;46;359
;Hora: 12:25;187,4;7,14;46;370
;Hora: 16:40;186,2;7,28;46;356
;Hora: 20:39;184,8;7,21;46;341
;Hora: 00:10;181,7;7,21;44;379
;Hora: 05:00;182,3;7,12;44;386
24/4/2019;Hora: 06:25;;;;
;Hora: 09:40;184,7;7,05;46;319
;Hora: 12:55;183,2;7,13;46;341
;Hora: 16:59;186,2;7,26;46;386
;Hora: 20:39;187,6;7,15;46;350
;Hora: 00:10;180,9;7,19;46;298
;Hora: 05:15;182,1;7,16;46;303
25/4/2019;Hora: 06:30;;;;
;Hora: 10:05;191,2;7,09;46;289
;Hora: 13:05;193,6;7,05;44;273
;Hora: 17:00;192,8;7,15;44;296
;Hora: 20:35;191,6;7,10;44;336
;Hora: 23:35;192,1;7,16;44;390
;Hora: 05:00;195,1;7,19;44;393
26/4/2019;Hora: 06:20;;;;
;Hora: 10:05;203,0;7,08;46;273
;Hora: 13:00;205,0;7,06;48;304
;Hora: 17:08;212,0;7,18;46;338
;Hora: 20:39;214,0;7,22;46;320
;Hora: 23:20;201,0;7,16;48;345
;Hora: 05:00;203,0;7,19;48;351
27/4/2019;;;;;
;Hora: 08:10;204,0;7,05;44;362
;Hora: 12:50;206,0;7,11;44;348
;Hora: 16:58;210,0;7,18;44;359
;Hora: 20:53;206,0;7,27;44;314
;Hora: 23:40;201,0;7,17;46;385
;Hora: 05:10;203,0;7,19;46;397
28/4/2019;;;;;
;Hora: 08:10;207,0;7,05;46;375
;Hora: 12:50;204,0;7,02;46;364
;Hora: 17:05;205,0;7,06;44;380
;Hora: 20:05;201,0;7,10;44;387
;Hora: 23:35;204,0;7,18;44;390
;Hora: 05:00;200,0;7,21;44;386
29/4/2019;;;;;
;Hora: 09:10;184,9;6,98;38;383
;Hora: 13:10;194,1;6,96;38;326
;Hora: 16:45;192,6;7,06;38;350
;Hora: 20:41;190,6;7,13;38;386
;Hora: 23:25;191,6;7,20;40;379
;Hora: No registro;195,9;7,19;40;386
30/4/2019;;;;;
;Hora: 07:45;193,5;7,19;40;368
;Hora: 12:00;190,0;7,21;40;375
;Hora: 16:40;198,6;7,14;40;385
;Hora: 20:30;196,3;7,11;40;376
;Hora: 23:30;192,9;7,10;40;388
;Hora: 05:10;195,2;7,13;40;363
1/5/2019;;;;;
;Hora: 08:40;190,7;7,17;40;376
;Hora: 12:20;193,7;7,19;40;369
;Hora: 16:35;192,4;7,14;42;343
;Hora: 20:20;194,3;7,11;42;361
;Hora: 00:30;193,6;7,21;42;324
;Hora: 04:40;192,4;7,16;42;381
2/5/2019;;;;;
;Hora: 08:45;195,9;6,99;44;333
;Hora: 13:15;210;6,97;42;304
;Hora: 16:20;203;7,05;44;345
;Hora: 20:35;206;7,08;44;351
;Hora: 00:35;210;7,06;44;378
;Hora: 04:35;207;7,10;44;341
3/5/2019;Hora: 06:25;;;;
;Hora: 09:00;203;6,96;42;312
;Hora: 13:00;207;6,99;40;303
;Hora: 16:15;204;7,06;44;326
;Hora: 20:30;202;7,11;44;342
;Hora: 00.31;206;7,16;44;346
;Hora: 04:43;213;7,24;44;389
4/5/2019;;;;;
;Hora: 08:20;207;7,18;42;376
;Hora: 12:30;201;7,17;42;381
;Hora: 16:20;203;7,12;44;365
;Hora: 20:15;201;7,09;44;345
;Hora: 00:10;214;7,34;44;349
;Hora: 05:00;207;7,20;44;381
5/5/2019;;;;;
;Hora: 08:30;202;7,17;44;376
;Hora: 12:20;203;7,16;44;381
;Hora: 16:25;200;7,10;42;370
;Hora: 20:20;204;7,11;42;395
;Hora: 00:30;214;7,38;44;363
;Hora: 05:20;212;7,21;44;415
6/5/2019;;;;;
;Hora: 08:40;185,5;7,14;44;199
;Hora: 13:08;188,2;7,03;44;296
;Hora: 16:20;192,6;7,06;42;283
;Hora: 20:35;190,4;7,02;42;269
;Hora: 00:40;192,6;7,23;44;286
;Hora: 04:39;191,6;7,16;44;307
7/5/2019;;;;;
;Hora: 08:20;185,5;7,06;42;249
;Hora: 13:26;183,0;7,21;42;286
;Hora: 15:40;187,9;7,16;42;269
;Hora: 19:45;196,1;7,18;42;283
;Hora: 00:40;195,8;7,28;42;288
;Hora: 04:00;192,1;7,20;42;309
8/5/2019;Hora: 06:20;;;;
;Hora: 09:40;181,8;7,09;42;222
;Hora: 12:50;182,5;7,08;42;246
;Hora: 16:00;183,4;7,11;42;239
;Hora: 20:00;186,2;7,17;42;247
;Hora: 00:20;182,6;7,09;42;351
;Hora: 04:40;183,4;7,05;42;338
9/5/2019;;;;;
;Hora: 08:25;177,4;6,95;40;230
;Hora: 12:20;202;6,94;40;239
;Hora: 16:00;200;6,97;40;244
;Hora: 19:55;203;6,95;40;249
;Hora: 00:05;183,2;7,11;40;256
;Hora: 04:35;180,6;7,09;42;268
10/5/2019;;;;;
;Hora: 08:27;202;7,13;42;210
;Hora: 12:40;216;7,26;42;206
;Hora: 16:00;207;7,19;40;281
;Hora: 19:45;205;7,16;40;263
;Hora: 00:00;201;7,12;40;261
;Hora: 04:45;203;7,16;40;272
11/5/2019;;;;;
;Hora: 08:10;202;7,15;40;275
;Hora: 12:30;204;7,19;40;289
;Hora: 15:55;157,9;7,13;40;271
;Hora: 20:05;161,7;7,17;40;266
;Hora: 23:30;150,5;7,16;40;269
;Hora: 04:55;148,0;7,18;40;278
12/5/2019;;;;;
;Hora: 07:55;141,3;7,19;40;285
;Hora: 12:00;138,9;7,23;40;289
;Hora: 15:50;119,7;6,88;36;153
;Hora: 20:00;124,1;6,91;36;149
;Hora: 00:00;130,6;6,92;36;147
;Hora: 04:45;124,7;6,95;36;139
13/5/2019;Hora: 06:16;;;;
;Hora: 09:43;114,3;6,78;30;129
;Hora: 12:50;115,2;6,91;30;88,3
;Hora: 15:40;115,6;6,83;30;110
;Hora: 19:45;116,1;6,86;30;117
;Hora: 23:40;117,9;6,88;30;112
;Hora: 04:45;118,8;6,86;30;115
14/5/2019;Hora: 06:18;;;;
;Hora: 09:45;113,4;6,86;30;104
;Hora: 13:05;113,4;-;30;108
;Hora: 15:55;114,9;6,90;28;103
;Hora: 19:55;113,1;6,92;28;108
;Hora: 00:10;116,1;6,93;30;109
;Hora: 04:40;117,9;6,96;30;103
15/5/2019;Hora: 06:28;;;;
;Hora: 09:50;111,0;6,86;30;125
;Hora: 12:30;113,5;7,02;30;112
;Hora: 16:50;112,6;7,08;30;106
;Hora: 19:39;110,8;7,01;30;110
;Hora: 23:50;116,1;6,93;30;88,9
;Hora: 04:40;111,6;6,97;30;90,1
16/5/2019;Hora: 06:30;;;;
;Hora: 09:20;106,2;7,12;42;81,2
;Hora: 13:05;107,9;7,08;42;84,8
;Hora: 15:30;106,4;7,10;42;82,1
;Hora: 20:05;107,9;7,12;42;88,1
;Hora: 00:45;111,7;6,94;30;96,1
;Hora: 04:40;113,9;6,91;30;90,4
17/5/2019;;;;;
;Hora: 08:40;106,9;7,10;42;91,7
;Hora: 10:56;107,3;7,08;42;93,1
;Hora: 15:10;109,1;7,10;42;92,9
;Hora: 20:05;110,9;7,06;42;95,1
;Hora: 00:40;112,3;6,97;30;90,9
;Hora: 04.40;110,6;6,92;30;92,1
18/5/2019;;;;;
;Hora: 08:00;107,6;6,91;30;93,4
;Hora: 11:40;103,9;6,92;30;91,9
;Hora: 15:59;105,6;6,86;32;88,6
;Hora: 20:30;108,3;6,96;32;96,2
;Hora: 00:00;113,6;6,98;32;91,7
;Hora: 04:45;109,8;6,93;32;96,7
19/5/2019;;;;;
;Hora: 08:10;115,6;7,05;42;83,6
;Hora: 12:40;116,3;7,08;42;85,1
;Hora: 15:45;117,9;7,05;42;82,4
;Hora: 20:20;116,8;7,02;42;80,7
;Hora: 00:00;111,6;7,01;38;87,9
;Hora: 04:40;109,7;6,96;36;90,2
20/5/2019;Hora: 06:25;;;;
;Hora: 10:20;119,1;6,91;32;75,4
;Hora: 13:10;119,7;6,94;30;79,2
;Hora: 16:40;117,4;6,90;30;78,1
;Hora: 19:55;179,4;6,95;30;79,4
;Hora: 02:45;;;;
;Hora: No registró;113,9;6,98;34;83,1
21/5/2019;Hora: 06:30;;;;
;Hora: 09:45;120,1;6,92;30;78
;Hora: 13:05;120,9;6,85;30;72
;Hora: 16:05;116,3;6,87;30;77,9
;Hora: 19:55;118,3;6,90;32;80,6
;Hora: 23:45;116,1;6,90;32;79,8
;Hora: 04:40;115,7;6,91;32;82,7
22/5/2019;Hora: 06:30;;;;
;Hora: 10:20;115,3;6,78;30;77,6
;Hora: 13:10;116,2;6,81;30;81,2
;Hora: 16:15;117,2;6,83;30;82,9
;Hora: 19:40;119,0;6,88;30;82,5
;Hora: 23:50;121,3;6,95;30;83,9
;Hora: 04:40;120,6;6,92;30;85,8
23/5/2019;Hora: 06:30;;;;
;Hora: 10:10;117,3;6,92;30;67,8
;Hora: 12:35;116,4;6,89;30;71,6
;Hora: 16:00;113,1;6,91;30;72,7
;Hora: 19:45;110,2;6,87;30;74,7
;Hora: 23:20;110,9;6,88;30;76,1
;Hora: 04:35;112,6;6,90;30;79,8
24/5/2019;Hora: 06:30;;;;
;Hora: 10:25;116,9;6,85;30;89,3
;Hora: 13:05;118,3;6,89;30;82,6
;Hora: 15:40;116,2;6,87;30;85,1
;Hora: 19:35;118,1;6,89;30;87,6
;Hora: 23:15;115,3;6,92;30;88,9
;Hora: 04:40;116,1;6,89;30;86,2
25/5/2019;;;;;
;Hora: 08:05;112,6;6,89;30;72,8
;Hora: 12:30;113,7;6,92;30;76,4
;Hora: 15:45;116,2;6,93;30;80,6
;Hora: 19:50;112,7;6,98;30;81,6
;Hora: 23:50;114,1;6,92;30;79,1
;Hora: 05:00;113,5;6,93;30;81,6
26/5/2019;;;;;
;Hora: 08:00;110,7;6,86;30;71,8
;Hora: 12:40;107,8;6,93;30;74,1
;Hora: 15:20;109,1;6,95;30;76,2
;Hora: 19:35;107,9;6,89;30;78,1
;Hora: 23:35;109,0;6,87;30;80,6
;Hora: 04:45;108,3;6,89;30;82,5
27/5/2019;;;;;
;Hora: 07:50;108,6;6,76;30;41,3
;Hora: 13:40;110,6;6,72;28;47,8
;Hora: 16:30;107,1;6,78;30;50,2
;Hora: 19:40;109,3;6,84;30;57,1
;Hora: 23:30;107,1;6,88;28;59,6
;Hora: 04:40;109,6;6,95;28;61,7
28/5/2019;Hora: 06:20;;;;
;Hora: 09:15;108,8;6,79;26;71,2
;Hora: 12:50;109,1;6,74;26;61,7
;Hora: 16:10;108,6;6,83;28;63,5
;Hora: 20:30;107,2;6,79;28;61,7
;Hora: 23:20;105,1;6,80;28;62,9
;Hora: 04:55;108,1;6,83;28;65,4
29/5/2019;;;;;
;Hora: 08:20;107,2;6,83;30;64,7
;Hora: 12:35;108,4;6,86;28;68,3
;Hora: 16:30;107,4;6,89;28;68,8
;Hora: 20:20;108,2;6,89;28;68,8
;Hora: 23:40;107,1;6,80;28;67,1
;Hora: 04:40;106,1;6,82;28;68,9
30/5/2019;;;;;
;Hora: 07:55;112,1;6,75;28;56,2
;Hora: 12:45;111,8;6,78;28;59,3
;Hora: 15:45;111,5;6,72;28;62,6
;Hora: 20:05;110,2;6,84;28;67,4
;Hora: 00:39;111,4;6,93;28;69,4
;Hora: 04:40;109,6;6,86;28;60,8
31/5/2019;;;;;
;Hora: 08:20;110,7;6,91;28;58,5
;Hora: 11:25;112,1;6,88;28;55,8
;Hora: 16:20;110,9;6,83;28;59,7
;Hora: 20:10;111,4;6,81;28;56,3
;Hora: 00:00;108,9;6,82;28;63,4
;Hora: 04:20;111,6;6,74;28;66,2
1/6/2019;;;;;
;Hora: 07:45;107,9;6,82;30;60,30
;Hora: 12:25;109,7;6,86;30;62,70
;Hora: 16:25;112,4;6,82;30;64,60
;Hora: 20:30;111,5;6,84;30;62,70
;Hora: 00:58;113,2;6,94;30;63,20
;Hora: 04:39;108,6;6,89;30;60,60
2/6/2019;;;;;
;Hora: 08:25;107,1;6,93;30;62,40
;Hora: 12:30;109,3;6,90;30;65,90
;Hora: 16:15;110,9;6,93;30;62,40
;Hora: 20:25;108,2;6,95;30;65,10
;Hora: 00:28;110,8;6,89;30;63,20
;Hora: 04:20;112,6;6,93;30;60,20
3/6/2019;;;;;
;Hora: 08:40;114,3;6,79;28;59,60
;Hora: 11:38;116,3;6,88;28;66,90
;Hora: 16:15;115,3;6,83;28;59,30
;Hora: 20:20;113,9;6,86;28;57,10
;Hora: 00:30;110,8;6,86;30;66,20
;Hora: 04:30;111,6;6,92;30;63,00
4/6/2019;;;;;
;Hora: 08:45;115,3;6,78;28;56,30
;Hora: 12:20;117,5;6,76;28;54,80
;Hora: 16:35;110,6;6,81;28;57,90
;Hora: 20:20;109,7;6,78;28;62,30
;Hora: 00:29;110,1;6,72;28;62,40
;Hora: 04:39;111,6;6,81;28;60,20
5/6/2019;;;;;
;Hora: 08:30;117,0;6,92;28;43,20
;Hora: 12:00;116,8;6,83;28;41,60
;Hora: 16:10;121,3;6,81;28;60,90
;Hora: 20:05;124,6;6,87;28;62,30
;Hora: 00:25;119,5;6,88;28;62,40
;Hora: 04:45;116,1;6,92;28;59,10
6/6/2019;;;;;
;Hora: 08:40;119,9;6,76;28;59,10
;Hora: 12:50;116,1;6,81;28;60,30
;Hora: 16:20;120,1;6,84;28;67,20
;Hora: 20:30;121,7;6,87;28;70,30
;Hora: 00:15;117,2;6,87;28;59,50
;Hora: 04:50;116,5;6,91;28;61,40
7/6/2019;;;;;
;Hora: 08:20;120,5;6,94;30;56,60
;Hora: 12:50;120,9;6,91;28;59,20
;Hora: 16:15;121,7;6,82;28;60,10
;Hora: 20:05;123,6;6,82;28;62,70
;Hora: 00:15;118,9;6,82;28;65,10
;Hora: 04:50;119,7;6,87;28;62,40
8/6/2019;;;;;
;Hora: 08:20;120,7;6,84;28;67,10
;Hora: 12:20;126,1;6,83;28;68,90
;Hora: 16:20;121,7;6,87;28;70,20
;Hora: 20:00;120,7;6,83;28;71,70
;Hora: 00:05;123,4;6,81;28;62,70
;Hora: 04:40;122,9;6,84;28;65,10
9/6/2019;;;;;
;Hora: 08:10;124,2;6,78;28;63,40
;Hora: 12:45;123,6;6,82;28;62,60
;Hora: 16:20;120,6;6,84;28;64,20
;Hora: 20:15;121,7;6,83;28;67,10
;Hora: 00:10;125,9;6,83;28;61,70
;Hora: 04:45;127,2;6,87;28;63,40
10/6/2019;Hora: 06:22;;;;
;Hora: 09:00;128,6;6,88;30;63,20
;Hora: 13:17;127,6;6,96;30;61,60
;Hora: 16:40;129,7;6,84;30;66,10
;Hora: 19:45;133,7;6,87;30;62,70
;Hora: 00:05;128,4;6,92;28;63,80
;Hora: 04:45;127,5;6,88;28;62,40
11/6/2019;;;;;
;Hora: 09:20;129,1;6,70;30;53,10
;Hora: 12:38;131,4;6,86;30;42,30
;Hora: 16:30;130,6;6,87;28;44,10
;Hora: 19:40;128,8;6,82;28;46,70
;Hora: 23:10;127,1;6,80;28;47,90
;Hora: 04:40;129,4;6,96;28;46,10
12/6/2019;Hora: 06:15;;;;
;Hora: 09:49;133,8;6,93;30;64,50
;Hora: 12:38;136,6;6,86;30;41,40
;Hora: 15:55;139,4;6,90;30;49,30
;Hora: 20:05;140,9;6,88;30;52,10
;Hora: 00:00;137,6;6,84;30;57,90
;Hora: 04:55;135,4;6,87;30;60,10
13/6/2019;;;;;
;Hora: 08:58;136,8;6,94;30;43,60
;Hora: 12:19;138,6;6,98;30;40,60
;Hora: 16:38;138,0;6,92;30;46,20
;Hora: 20:55;140,6;6,98;30;48,90
;Hora: 00.10;138,1;6,87;30;59,80
;Hora: 04:50;139,8;6,88;30;60,40
14/6/2019;Hora: 06:18;;;;
;Hora: 09:55;140,7;6,70;30;50,60
;Hora: 12:49;143,0;6,86;30;56,50
;Hora: 16:00;140,6;6,97;30;60,40
;Hora: 20:05;142,6;6,92;30;65,90
;Hora: 00:15;142,7;6,91;30;61,70
;Hora: 04:55;141,7;6,97;30;62,70
15/6/2019;;;;;
;Hora: 09:38;142,6;7,00;30;63,80
;Hora: 12:50;140,6;6,92;30;62,40
;Hora: 16:40;138,3;6,89;30;61,80
;Hora: 20:39;137,6;6,81;30;58,60
;Hora: 00:10;140,7;6,91;30;61,70
;Hora: 05:00;141,7;6,93;30;63,70
16/6/2019;;;;;
;;;;;
;;;;;
;Hora: 17:50;138,6;6,83;30;60,80
;Hora: 20:40;140,2;6,87;30;58,10
;Hora: 00:10;138,1;6,92;30;58,70
;Hora: 04:55;137,1;6,97;30;60,40
17/6/2019;;;;;
;Hora: 08:15;140,8;6,95;30;62,80
;Hora: 12:30;142,3;6,98;30;61,40
;Hora: 16:15;141,4;6,97;30;62,70
;Hora: 20:20;142,7;6,93;30;63,40
;Hora: 00:35;138,1;6,93;30;60,40
;Hora: 04:50;139,4;6,97;30;61,20
18/6/2019;Hora: 06:25;;;;
;Hora: 09:35;145,9;6,91;32;50,90
;Hora: 13:10;144,3;6,87;32;52,80
;Hora: 16:48;142,4;6,81;32;50,80
;Hora: 20:40;140,9;6,76;32;48,60
;Hora: 00:15;141,7;6,91;30;53,40
;Hora: 04:35;140,6;6,93;30;50,70
19/6/2019;Hora: 06:30;;;;
;Hora: 09:50;145,3;6,78;32;48,30
;Hora: 13:20;146,8;6,85;30;46,50
;Hora: 16:38;148,3;6,96;32;48,60
;Hora: 21:00;150,6;6,83;32;50,80
;Hora: 00:00;149,7;6,93;30;57,10
;Hora: 04:55;151,2;6,97;30;54,60
20/6/2019;;;;;
;Hora: 09:00;150,6;6,88;30;59,70
;Hora: 12:40;149,1;6,91;30;63,10
;Hora: 16:38;148,6;6,81;30;60,80
;Hora: 21:08;150,2;6,86;30;56,40
;Hora: 23:40;146,9;6,85;30;65,10
;Hora: 04:50;149,0;6,88;30;58,90
21/6/2019;Hora: 06:30;;;;
;Hora: 10:15;154,4;6,91;32;44,50
;Hora: 13:05;156,5;6,88;32;47,60
;Hora: 16:25;158,1;6,93;32;49,60
;Hora: 20:38;156,8;6,88;32;52,40
;Hora: No registró;154,8;6,55;32;57,10
;Hora: No registró;156,9;6,58;32;59,40
22/6/2019;;;;;
;Hora: 08:05;152,6;6,88;32;51,30
;Hora: 12:40;153,9;6,91;30;52,60
;Hora: 16:39;152,4;6,93;30;50,20
;Hora: 20:59;151,6;6,88;30;53,80
;Hora: 23:30;152,6;6,94;32;54,50
;Hora: 05:10;153,9;6,88;32;56,10
23/6/2019;;;;;
;Hora: 08:40;159,6;6,92;34;62,40
;Hora: 13:00;161,8;6,95;34;65,10
;Hora: 16:48;162,6;6,90;34;61,60
;Hora: 20:40;160,3;6,83;34;64,20
;Hora: 23:40;156,1;6,93;32;59,30
;Hora: 04:45;159,8;6,96;32;60,60
24/6/2019;;;;;
;Hora: 08:30;159,3;6,95;32;62,80
;Hora: 12:45;172,7;6,72;32;54,80
;Hora: 16:56;174,8;6,83;32;50,20
;Hora: 20:39;172,8;6,93;32;51,60
;Hora: 23:30;169,9;6,89;32;55,60
;Hora: 04:30;171,7;6,96;32;57,10
25/6/2019;Hora: 06:20;;;;
;Hora: 09:00;170,4;6,93;32;66,50
;Hora: 13:15;169,7;6,94;32;147,7
;Hora: 16:15;170,6;6,91;32;175,0
;Hora: 20:20;171,5;6,94;32;181,2
;Hora: 23:55;170,6;6,97;32;183,0
;Hora: 04:55;172,4;6,95;32;185,0
26/6/2019;;;;;
;Hora: 08:35;161,2;6,89;34;84,30
;Hora: 13:00;166,7;6,84;36;87,10
;Hora: 16:10;171,4;6,92;36;81,40
;Hora: 20:20;172,8;6,89;34;76,70
;Hora: 00:39;173,6;6,86;32;72,60
;Hora: 04:36;171,8;6,81;32;74,60
27/6/2019;;;;;
;Hora: 08:50;172,6;6,82;34;59,30
;Hora: 12:25;178,4;6,80;34;60,10
;Hora: 16:10;176,2;6,87;34;65,20
;Hora: 20:15;174,8;6,91;34;62,40
;Hora: 00:38;168,6;6,80;32;69,10
;Hora: 04:30;170,8;6,86;32;67,60
28/6/2019;;;;;
;Hora: 08:45;184,4;6,90;34;75,40
;Hora: 12:30;196,1;6,88;34;77,20
;Hora: 16:00;195,1;6,92;34;82,60
;Hora: 20:40;193,9;6,87;34;84,20
;Hora: 00:41;192,4;6,91;34;68,60
;Hora: 04:37;191,0;6,98;34;66,20
29/6/2019;;;;;
;Hora: 08:30;193,4;6,93;34;70,40
;Hora: 12:20;188,1;6,90;34;71,70
;Hora: 16:05;191,6;6,87;34;74,50
;Hora: 20:15;188,3;6,84;34;78,20
;Hora: 00:41;194,8;6,96;34;81,60
;Hora: 04:40;192,6;6,83;34;76,80
30/6/2019;;;;;
;Hora: 09:40;191,6;6,78;34;83,60
;Hora: 12:38;192,6;6,86;34;87,80
;Hora: 16:19;190,2;6,91;34;95,20
;Hora: 20:10;192,8;6,95;34;92,10
;Hora: 00:15;187,1;6,93;34;87,10
;Hora: 04:50;190,1;6,89;34;86,10
1/7/2019;;;;;
;Hora: 09:05;196,1;6,89;40;64,4
;Hora: 13:20;197,8;6,97;40;65,1
;Hora: 16:10;191,5;6,95;40;69,3
;Hora: 20:20;192,4;6,92;40;64,2
;Hora: 00:39;193,6;6,89;40;68,6
;Hora: 04:45;192,4;6,73;40;72,4
2/7/2019;;;;;
;Hora: 08:40;194,9;6,94;36;72,6
;Hora: 12:35;195,5;6,89;36;75,9
;Hora: 16:15;198,3;6,90;36;70,1
;Hora: 19:50;197,4;6,94;36;72,8
;Hora: 00:41;192,8;6,91;36;65,4
;Hora: 04:39;191,1;6,94;36;63,1
3/7/2019;Hora: 06:15;;;;
;Hora: 09:30;196,9;6,86;40;80,4
;Hora: 13:10;197,4;6,90;36;88,1
;Hora: 16:15;193,1;6,88;36;90,1
;Hora: 19:50;190,1;6,84;36;88,6
;Hora: 23:55;195,2;6,92;38;63,9
;Hora: 04:30;197,1;6,98;38;68,2
4/7/2019;Hora: 06:25;;;;
;Hora: 09:40;196,7;6,95;36;66,5
;Hora: 13:10;191,4;6,98;36;68,3
;Hora: 17:00;192,7;6,96;36;69,3
;Hora: 19:45;190,6;6,92;36;67,3
;Hora: 00:25;194,6;6,91;38;63,8
;Hora: 04:40;192,3;6,95;38;67,4
5/7/2019;;;;;
;Hora: 08:25;189,7;6,98;36;64,8
;Hora: 12:50;193,1;6,96;36;66,1
;Hora: 15:40;190,1;6,94;36;64,3
;Hora: 19:00;193,4;6,91;36;62,7
;Hora: 00:25;191,8;6,98;36;64,8
;Hora: 04:35;195,1;6,94;36;61,3
6/7/2019;;;;;
;Hora: 07:45;193,5;6,91;36;63,4
;Hora: 12:20;189,3;6,98;36;65,1
;Hora: 16:15;190,1;6,92;36;69,1
;Hora: 20:15;197,1;6,89;36;70,4
;Hora: 00:15;192,7;6,98;36;64,8
;Hora: 04:35;194,2;6,94;36;67,4
7/7/2019;;;;;
;Hora: 08:20;191,6;6,98;36;66,9
;Hora: 12:30;193,2;6,90;36;68,1
;Hora: 16:20;190,1;6,92;36;70,4
;Hora: 20:10;190,1;6,93;36;72,4
;Hora: 00:20;193,5;6,94;36;61,3
;Hora: 04:40;196,2;6,92;36;63,2
8/7/2019;;;;;
;Hora: 09:10;194,8;6,93;36;69,1
;Hora: 12:30;196,1;6,95;36;70,8
;Hora: 16:10;190,4;6,96;36;72,3
;Hora: 20:00;189,8;6,91;36;68,7
;Hora: 00:10;195,9;6,94;36;73,2
;Hora: 04:35;194,1;6,92;36;70,6
9/7/2019;;;;;
;Hora: 08:10;190,1;6,90;36;69,8
;Hora: 12:15;187,2;6,94;36;70,1
;Hora: 15:40;189,9;6,91;38;71,7
;Hora: 20:00;190,8;6,94;38;72,6
;Hora: 00:15;196,8;6,96;36;58,3
;Hora: 04:30;199,2;6,95;36;55,6
10/7/2019;;;;;
;Hora: 09:00;213;7,08;38;62,4
;Hora: 12:20;222;6,95;38;57,6
;Hora: 16:00;218;6,99;40;60,1
;Hora: 19:30;216;7,07;40;62,8
;Hora: 00:10;210;6,98;38;58,1
;Hora: 05:00;213;6,91;38;60,1
11/7/2019;;;;;
;Hora: 08:45;217;7,05;38;66,0
;Hora: 12:20;221;7,03;38;65,2
;Hora: 15:45;224;7,09;38;66,9
;Hora: 19:50;222;6,99;38;68,1
;Hora: 19:50;222;6,99;38;68,1
;Hora: 05:05;213;6,94;38;70,4
12/7/2019;;;;;
;Hora: 08:00;222;7,06;38;63,2
;Hora: 13: 15;228;6,98;40;68,9
;Hora: No registró;230;7,01;40;69,7
;Hora: No registró;230;7,06;40;72,8
;Hora: 00:15;220;6,94;38;69,7
;Hora: 05:00;218;6,96;38;70,4
13/7/2019;;;;;
;Hora: 08:15;220;6,93;38;72,9
;Hora: 12:20;224;6,98;40;74,1
;Hora: 15:55;226;7,11;40;76,8
;Hora: 20:00;223;7,10;40;78,3
;Hora: 00:05;220;6,92;38;67,1
;Hora: 05:00;223;6,96;38;70,4
14/7/2019;;;;;
;Hora: 08:45;224;7,01;38;68,1
;Hora: 12:15;220;7,07;38;70,2
;Hora: 15:45;223;7,09;38;72,1
;Hora: 19:30;225;7,06;38;74,6
;Hora: 00:15;227;7,07;40;70,3
;Hora: 05:00;224;7,03;38;68,1
15/7/2019;Hora: 06:30;;;;
;Hora: 10:20;232;6,98;40;61,6
;Hora: 13:10;235;6,98;40;68,2
;Hora: 17:00;242;7,06;40;69,1
;Hora: 20:05;244;6,99;40;71,6
;Hora: 00:15;241;7,03;40;68,1
;Hora: 05:00;244;7,07;40;70,3
16/7/2019;Hora: 06:30;;;;
;Hora: 10:35;233;7,02;40;63,7
;Hora: 13:15;236;6,91;40;65,9
;Hora: 16:58;248;6,96;40;61,1
;Hora: 21:18;252;6,90;40;63,7
;Hora: 00:25;238;7,07;40;62,4
;Hora: 04:55;240;7,04;40;60,1
17/7/2019;Hora: No registró;;;;
;Hora: 10:20;234;7,04;40;64,1
;Hora: 13:05;239;6,93;42;64,1
;Hora: 16:48;242;6,96;42;61,6
;Hora: 20:48;242;7,02;42;68,9
;Hora: 23:50;233;7,11;40;66,9
;Hora: 05:05;231;7,09;40;69,1
18/7/2019;Hora: 06:30;;;;
;Hora:  09:45;241;7,04;42;63,5
;Hora: 13:05;246;6,90;42;67,9
;Hora: 16:51;251;6,86;42;65,2
;Hora: 20:55;254;6,96;42;70,6
;Hora: 23:50;240;7,09;42;62,8
;Hora: 05:10;244;7,10;42;64,1
19/7/2019;Hora: 06:30;;;;
;Hora: 09:55;245;6,89;44;58,9
;Hora: 13:05;248;6,85;44;62,6
;Hora: 16:48;250;6,92;44;69,7
;Hora: 20:59;254;6,98;44;70,1
;Hora: 23:30;244;7,00;42;70,3
;Hora: 05:00;-;-;-;-
20/7/2019;;;;;
;Hora: 08:20;246;6,93;44;65,1
;Hora: 12:40;242;6,95;44;62,8
;Hora: 16:45;246;6,98;44;70,8
;Hora: 20:58;241;6,93;44;66,2
;Hora: 23:30;241;7,06;42;69,1
;Hora: 05:05;243;7,09;42;71,6
21/7/2019;;;;;
;Hora: 07:55;272;6,95;44;73,6
;Hora: 12:35;278;6,92;44;92,7
;Hora: 16:38;272;6,86;42;90,8
;Hora: 20:40;276;6,90;42;89,6
;Hora: 23:35;248;6,96;42;86,1
;Hora: 04:50;256;6,99;42;89,1
22/7/2019;Hora: 06:30;;;;
;Hora: 10:05;268;6,82;44;75,0
;Hora: 13:10;271;6,87;44;72,4
;Hora: 16:40;274;6,81;44;79,8
;Hora: 20:48;286;6,86;44;80,6
;Hora: 00:38;283;6,92;44;86,3
;Hora: 04:39;280;6,97;44;83,6
23/7/2019;;;;;
;Hora: 09:30;266;6,92;42;86,8
;Hora: 13:10;263;6,98;42;90,1
;Hora: 16:00;265;6,95;42;87,2
;Hora: 20:20;268;6,92;42;83,9
;Hora: 00:20;267;6,91;42;80,7
;Hora: 04:25;269;6,94;42;85,2
24/7/2019;;;;;
;Hora: 08:30;264;6,89;40;89,9
;Hora: 11:40;260;6,74;40;77,1
;Hora: 16:30;258;6,82;40;79,6
;Hora: 20:10;261;6,85;40;73,6
;Hora: 00:38;264;6,86;42;80,1
;Hora: 04:48;268;6,88;42;82,6
25/7/2019;;;;;
;Hora: 08:20;275;6,83;40;92,6
;Hora: 12:40;275;6,80;40;90,4
;Hora: 16:10;273;6,84;40;91,3
;Hora: 20:40;276;6,81;40;84,2
;Hora: 00:39;278;6,93;40;81,6
;Hora: 04:29;282;6,87;40;83,2
26/7/2019;;;;;
;Hora: 08:15;263;6,74;40;101
;Hora: 13:10;270;6,80;40;103
;Hora: 16:05;261;6,87;40;95,1
;Hora: 20:20;264;6,87;40;98,6
;Hora: 00:30;268;6,91;40;92,4
;Hora: 04:50;270;6,93;40;91,0
27/7/2019;;;;;
;Hora: 08:40;268;6,84;40;97,1
;Hora: 12:30;264;6,87;40;102
;Hora: 16:20;257;6,83;40;96,2
;Hora: 20:10;254;6,87;40;93,8
;Hora: 00:38;268;6,98;40;92,4
;Hora: 04:38;264;6,93;40;89,6
28/7/2019;;;;;
;Hora: 08:40;266;6,81;40;93,7
;Hora: 12:25;264;6,83;40;90,1
;Hora: 16:15;256;6,89;40;94,7
;Hora: 20:05;254;6,83;40;89,6
;Hora: 00:39;250;6,90;40;86,2
;Hora: 04:30;248;6,85;40;92,8
29/7/2019;;;;;
;Hora: 09:05;236;6,78;40;57,8
;Hora: 12:20;235;6,80;40;60,4
;Hora: 16:00;233;6,84;40;63,1
;Hora: 20:35;231;6,87;40;59,6
;Hora: 00:41;238;6,82;40;58,1
;Hora: 04:29;236;6,91;40;60,8
30/7/2019;Hora: 06:20;;;;
;Hora: 10:10;233;6,96;42;62,3
;Hora: 13:10;231;6,92;42;65,8
;Hora: 16:10;237;6,84;40;60,4
;Hora: 20:20;232;6,80;40;61,7
;Hora: 00.40;226;6,86;40;68,1
;Hora: 04:31;229;6,97;40;63,2
31/7/2019;;;;;
;Hora: 08:15;237;6,79;40;63,8
;Hora: 12:30;246;6,80;40;87,5
;Hora: 16:30;240;6,77;40;81,7
;Hora: 20:30;243;6,80;40;80,4
;Hora: 00:05;241;6,92;42;85,1
;Hora: 04:25;238;6,83;42;82,1
1/8/2019;Hora: 06:20;;;;
;Hora: 09:20;241;6,88;40;59,9
;Hora: 12:50;243;6,9;40;61,7
;Hora: 16:15;240;6,87;40;62,9
;Hora: 20:20;237;6,81;40;60,6
;Hora: 00:25;239;6,8;38;60,1
;Hora: 05:00;242;6,84;38;59,8
2/8/2019;Hora: 06:32;;;;
;Hora: 08:55;226;6,88;38;89,0
;Hora: 12:45;235;6,81;38;86,2
;Hora: 16:40;Corte de suministro electrico;;;
;Hora: 20:15;237;6,81;38;69,8
;Hora: 23:20;238;6,88;38;71,6
;Hora: 05:00;240;6,96;38;73,1
3/8/2019;;;;;
;Hora: 07:45;340;6,95;40;81,7
;Hora: 13:10;240;6,9;40;86,1
;Hora: 16:20;238;6,81;38;80,4
;Hora: 20:00;241;6,84;38;78,1
;Hora: 23:35;236;6,9;38;80,6
;Hora: 05:05;239;6,94;38;81,6
4/8/2019;;;;;
;Hora: 07:35;235;6,82;38;78,6
;Hora: 11:40;237;6,9;38;76,1
;Hora: 16:25;238;6,84;38;74,7
;Hora: 20:30;241;6,8;38;73,7
;Hora: 00:20;237;6,84;38;74,7
;Hora: 05:00;239;6,86;38;78,6
5/8/2019;Hora: 06:14;;;;
;Hora: 08:50;246;6,88;40;66,6
;Hora: 13:25;242;6,93;40;62,4
;Hora: 16:05 ;240;6,87;40;60,7
;Hora: 20:20;243;6,82;40;62,6
;Hora: 23:45;242;6,88;40;75,1
;Hora: 05:00;241;6,91;40;76,1
6/8/2019;;;;;
;Hora: 09:47;259;6,89;40;51,1
;Hora: 13:08;254;6,78;40;55,6
;Hora: 15:55;259;6,8;40;57,1
;Hora: 19:40;253;6,75;40;59,2
;Hora: 00:40;263;6,79;40;65,6
;Hora: 04:30;264;6,83;40;66,2
7/8/2019;;;;;
;Hora: 08:30;274;6,85;40;64,6
;Hora: 12:18;296;6,78;40;61,8
;Hora: 16:00;291;6,83;40;63,8
;Hora: 19:45;288;6,85;40;66,9
;Hora: 00:20;287;6,84;40;62,7
;Hora: 05:05;285;6,82;40;66,1
8/8/2019;;;;;
;Hora: 08:20;293;6,87;40;68,1
;Hora: 12:50;307;6,84;40;70,1
;Hora: 15:55;303;6,82;40;72,1
;Hora: 19:55;306;6,9;40;70,9
;Hora: 00:20;309;6,88;40;67,1
;Hora: 05:05;312;6,84;40;69,7
9/8/2019;;;;;
;Hora: 08:41;291;6,75;40;78,9
;Hora: 12:25;291;6,7;40;52,6
;Hora: 15:50;293;6,76;40;55,9
;Hora: 19:50;295;6,79;40;59,6
;Hora: 00:10;287;6,92;40;67,1
;Hora: 05:05;290;6,9;40;70,6
10/8/2019;;;;;
;Hora: 09:25;292;6,86;40;71,8
;Hora: 12:50;290;6,93;40;73,6
;Hora: 16:00;286;6,8;40;70,1
;Hora: 20:10;289;6,84;40;69,4
;Hora: 00:10;291;6,9;40;70,4
;Hora: 05:05;290;6,94;38;67,1
11/8/2019;;;;;
;Hora: 09:38;291;6,91;40;69,8
;Hora: 12:48;294;6,96;40;72,6
;Hora: 16:15;284;6,81;40;68,5
;Hora: 19:45;288;6,86;40;70,1
;Hora: 00:20;291;6,84;40;63,7
;Hora: 05:00;287;6,9;40;67,1
12/8/2019;Hora: 06:30;;;;
;Hora: 09:55;297;6,93;40;63,6
;Hora: 13:10;301;6,98;40;61,7
;Hora: 15:55;303;6,99;40;63,1
;Hora: 19:50;305;6,91;40;65,1
;Hora: 00:20;312;6,94;40;67,1
;Hora: 05:05;309;6,9;40;66,3
13/8/2019;Hora: 06:25;;;;
;Hora: 10:10;290;6,93;40;78,2
;Hora: 13:20;300;6,97;40;81,3
;Hora: 16:38;304;6,86;40;82,6
;Hora: 20:40;311;6,74;40;80,0
;Hora: 00:35;314;6,96;40;86,4
;Hora: 04:30;312;6,85;40;89,8
14/8/2019;Hora: 06:30;;;;
;Hora: 10:10;278;6,96;40;73,7
;Hora: 13:10;281;6,92;40;79,3
;Hora: 16:40;286;6,98;40;86,2
;Hora: 20:25;282;6,91;40;83,6
;Hora: 23:55;281;6,86;40;78,1
;Hora: 05:10;283;6,88;40;79,6
15/8/2019;Hora: 06:25;;;;
;Hora: 10:05;281;6,95;42;68,3
;Hora: 13:10;289;6,92;40;71,3
;Hora: 16:48;291;6,87;40;76,8
;Hora: 20:48;286;6,81;40;83,6
;Hora: 00:05;286;6,99;40;73,1
;Hora: 05:00;284;7,1;40;75,8
16/8/2019;Hora: 06:30;;;;
;Hora: 09:50;290;7,02;40;74,8
;Hora: 13:00;309;6,97;40;70,6
;Hora: 16:50;312;6,86;40;78,6
;Hora: 21:29;310;6,83;40;81,4
;Hora: 23:50;306;6,95;40;69,7
;Hora: 04:55;304;6,97;40;71,6
17/8/2019;;;;;
;Hora: 08:20;305;7,02;40;53,2
;Hora: 12:55;309;6,95;40;61,3
;Hora: 16:38;313;6,9;40;66,4
;Hora: 21:00;309;6,86;40;61,2
;Hora: 23:55;307;6,88;40;66,1
;Hora: 04:50;304;6,96;40;69,6
18/8/2019;;;;;
;Hora: 08:20;308;6,92;40;59,1
;Hora: 12:35;312;6,98;40;53,6
;Hora: 16:40;310;6,91;40;59,1
;Hora: 20:40;308;6,86;40;52,4
;Hora: 00:00;303;6,89;40;68,1
;Hora: 04:45;305;6,97;40;69,9
19/8/2019;;;;;
;Hora: 08:20;302;6,83;40;66,1
;Hora: 12:10;304;6,81;40;62,3
;Hora: 17:00;301;6,98;40;67,8
;Hora: 20:40;304;7,01;40;70,1
;Hora: 23:45;321;6,88;40;70,0
;Hora: 05:10;320;6,92;40;73,9
20/8/2019;Hora: 06:25;;;;
;Hora: 09:40;332;6,9;40;77,5
;Hora: 13:05;348;6,89;40;80,4
;Hora: 16:05;350;6,92;40;72,4
;Hora: 20:10;362;6,95;40;75,1
;Hora: 00:10;368;6,97;40;77,1
;Hora: 04:55;370;6,92;40;78,4
21/8/2019;;;;;
;Hora: 08:25;331;6,89;38;100
;Hora: 13:00;379;6,93;40;77,9
;Hora: 16:05;368;6,98;40;74,3
;Hora: 20:15;365;6,92;40;77,1
;Hora: 00:40;370;6,96;40;91,6
;Hora: 04:30;374;6,92;40;93,6
22/8/2019;;;;;
;Hora: 08:15;339;6,83;40;65,2
;Hora: 13:00;359;6,89;40;68,7
;Hora: 16:15;364;6,98;40;64,2
;Hora: 20:20;369;6,94;40;67,4
;Hora: 00:38;370;6,9;40;64,1
;Hora: 04:40;368;6,88;40;67,2
23/8/2019;;;;;
;Hora: 08:40;340;6,98;40;60,4
;Hora: 13:00;344;6,9;40;62,7
;Hora: 16:00;349;6,95;38;65,1
;Hora: 20:20;353;6,93;38;64,3
;Hora: 00:30;350;6,97;38;67,0
;Hora: 04:48;348;6,94;38;70,8
24/8/2019;;;;;
;Hora: 08:20;347;6,9;40;60,9
;Hora: 12:15;354;6,92;40;63,6
;Hora: 16:05;359;6,97;40;64,8
;Hora: 20:20;362;6,93;40;61,3
;Hora: 00:25;360;6,9;38;63,8
;Hora: 04:40;358;6,96;38;61,6
25/8/2019;;;;;
;Hora: 08:25;354;6,91;40;63,9
;Hora: 12:15;351;6,92;40;62,7
;Hora: 16:10;360;6,95;40;60,8
;Hora: 20:20;358;6,9;40;63,2
;Hora: 00:28;363;6,97;40;61,6
;Hora: 04:47;260;6,93;40;67,8
26/8/2019;;;;;
;Hora: 08:20;351;6,92;40;62,9
;Hora: 12:05;477;6,76;40;77,2
;Hora: 16:00;496;6,87;42;82,6
;Hora: 20:20;518;6,91;42;91,2
;Hora: 00:38;521;6,97;42;92,6
;Hora: 04:35;530;6,91;42;96,8
27/8/2019;;;;;
;Hora: 09:15;418;6,98;42;75
;Hora: 12:35;415;6,89;42;67,6
;Hora: 16:25;427;6,8;40;70,1
;Hora: 20:10;430;6,78;40;72,6
;Hora: 00:29;432;6,88;40;76,2
;Hora: 04:30;438;6,9;40;79,1
28/8/2019;;;;;
;Hora: 09:00;390;6,79;40;62,9
;Hora: 13:00;407;6,78;40;66,1
;Hora: 16:10;413;6,72;42;68,2
;Hora: 20:10;420;6,8;40;62,7
;Hora: 00:10;423;6,85;40;63,8
;Hora: 04:45;426;6,87;40;62,4
29/8/2019;;;;;
;Hora: 08:40;430;6,97;44;54,5
;Hora: 12:45;450;6,8;42;46,4
;Hora: 15:35;479;6,83;40;57,6
;Hora: No registró;470;6,86;40;62,9
;Hora: 00:05;452;6,87;42;61,3
;Hora: 04:55;456;6,89;42;59,7
30/8/2019;Hora: 06:20;;;;
;Hora: 08:26;447;6,87;44;58,9
;Hora: 13:10;451;6,93;44;61,3
;Hora: 15:40;460;6,87;42;62,9
;Hora: 20:00;466;6,82;42;66,1
;Hora: 00:15;435;6,89;42;63,2
;Hora: 04:40;429;6,87;42;60,6
31/8/2019;;;;;
;Hora: 08:10;448;6,86;44;64,1
;Hora: 12:35;450;6,89;44;65,1
;Hora: 16:00;443;6,81;42;67,2
;Hora: 19:30;448;6,87;42;68,1
;Hora: 00:15;429;6,93;40;62,6
;Hora: 04:50;431;6,91;40;64,3
1/9/2019; 08:40;431;6,89;44;62,9
;11:55;430;6,91;44;64
; 15:55;441;6,84;42;66,7
;-;447;6,89;42;68,9
; 00:20;433;6,92;40;63,8
; 04:45;435;6,89;40;61,4
2/9/2019;06:23;;;;
;09:30;407;6,86;44;53,2
;12:40;412;6,93;44;56,4
;15:55;437;6,9;42;59,7
;20:00;442;6,92;42;63,9
;00:15;430;6,91;42;56,8
;04:30;426;6,95;42;53,1
3/9/2019;09:00;376;6,87;42;48,6
;12:10;402;6,82;42;48,5
;16:00;406;6,9;42;50,6
;19:50;410;6,9;42;52,1
; 00:15;359;6,91;42;64,2
; 04:35;346;6,89;42;61,98
4/9/2019;09:30;341;6,91;42;56,3
; 12:25;344;6,92;42;53,9
;15:55;342;6,97;42;55,1
; 19:40;340;6,99;42;56,1
;00:00;347;6,91;40;59,8
; 05:05;351;6,9;40;61,7
5/9/2019; 06:10;;;;
; 09:40;322;6,84;38;56,2
;12:30;329;6,89;38;53,8
;15:45;230;6,9;38;54,1
;20:00;233;6,85;38;51,8
; 23:55;336;6,92;40;57,4
; 05:00;334;6,9;40;56,9
6/9/2019;06:20;;;;
;10:10;312;6,83;36;43,2
; 13.05;321;6,89;36;46,9
;15:45;322;6,84;38;49,1
; 20:05;324;6,85;38;50,6
;22:40;326;6,91;38;52,9
;05:10;328;6,96;38;55,4
7/9/2019;09:41;326;6,93;38;52,8
;12:38;324;6,9;38;56,4
;16:10;320;6,83;38;58,4
; 19:40;317;6,91;38;55,2
;00:38;320;6,93;38;58,6
; 04:31;326;6,98;38;61,6
8/9/2019; 09:36;322;6,93;38;63,6
; 12:45;320;6,9;38;66,2
; 15:50;361;6,89;38;69,8
; 19:55;366;6,92;38;71,1
;23:45;369;6,95;38;74,6
; 04:50;365;6,91;38;71,2
9/9/2019;06:25;;;;
;09:50;470;6,9;38;48,7
;12:55;494;6,94;40;45,9
; 15:45;473;6,95;40;46,7
; 20:06;470;6,9;40;47,3
; 00:20;485;6,92;40;47,5
;04:30;483;6,95;40;50,2
10/9/2019; 08:00;455;6,95;42;67,6
; 12:45;441;7,03;42;52,6
;17:18;440;7,19;40;54,6
;20:49;442;7,02;40;52,6
;23:40;451;6,93;42;57,9
;04:50;453;6,96;42;59,2
11/9/2019;06:30;;;;
; 08:45;388;7,09;40;62,3
;12:35;388;7,06;42;60,4
;17:00;390;7,12;42;61,6
; 20:49;393;7,06;42;64,7
;23:50;382;7,1;42;66,4
; 05:00;380;7,08;42;68,6
12/9/2019;06:30;;;;
;10:00;335;7,11;42;69,6
;12:50;339;7,04;42;63,1
;16:59;336;7,11;42;60,8
;20:40;334;7,08;42;63,8
; 23:20;320;6,95;40;68,1
; 05:05;320;6,99;40;70,6
13/9/2019;06:30;;;;
;09:10;277;7,09;36;56,9
;13:00;282;7,07;40;53,1
; 16:38;286;7,09;40;56,4
;20:48;288;7,01;40;57,8
; 23:30;278;7,08;40;58,1
; 05:00;280;7,11;40;60
14/9/2019; 08.00;384;7,09;42;60,8
;13:10;462;7,12;42;65,9
;16:40;469;7,2;42;62,6
;20:49;470;7,31;42;66,2
;23:40;508;6,95;42;65,9
; 05:10;511;6,95;42;64
15/9/2019; 08:30;602;7,05;42;69,2
; 13:05;681;7,12;42;70,6
;16:30;686;7,16;42;74,6
;20:40;683;7,08;42;74,6
;23:50;587;6,98;42;67,4
;05:00;583;7,06;42;69,4
16/6/2019; 08:35;497;6,92;42;47,8
;12:00;530;6,9;40;48,7
;16:30;540;6,89;40;49,8
; 20:58;546;6,97;40;51,6
;23:40;528;7,06;42;52,9
;05:00;530;7,09;42;53,9
17/9/2019; 06:20;;;;
; 09:00;398;6,96;40;85,5
;13:05;406;6,9;40;78,6
;16:00;433;6,92;40;72,7
;20:20;440;6,94;40;68,6
;00:40;438;6,99;40;65,6
;04:39;434;6,96;40;62,9
18/9/2019; 06:15;;;;
;08:50;362;6,94;38;59,6
;13:00;360;6,92;40;57,4
; 16:35;364;6,9;40;56
; 20:45;361;6,83;40;58,6
;00:40;364;6,92;40;61,8
;04:30;361;6,98;40;63,8
19/9/2019;06:20;;;;
; 07:50;271;6,88;38;37,1
;12:15;269;6,9;34;38,8
;14:20;262;6,97;32;42,7
; 20:40;264;6,93;32;40,6
; 01:30;262;6,98;32;68,6
;04:35;264;6,93;32;65,6
20/9/2019;06:20;;;;
;08:15;207;7,04;28;75,8
;13:10;229;6,94;30;79,7
; 15:30;227;6,91;30;82,1
;20:20;223;6,93;30;84,6
;00:36;220;6,86;30;88,1
;04:36;226;6,98;30;89,6
21/9/2019; 08:25;224;6,92;30;78,1
; 12:20;227;6,93;30;72,6
; 16:40;230;6,96;30;73,8
;20:38;233;6,93;30;78,6
; 00:25;230;6,9;30;83,6
; 04:25;233;6,96;30;87,6
22/9/2019; 07:55;225;7,06;30;76,9
;12:10;221;6,94;30;78,7
; 16:25;223;7,1;30;81,4
;20:00;220;7,07;30;83,9
;00:25;222;7;30;80,8
;04:40;223;7,06;30;82,6
23/9/2019; 06:40;;;;
;09:10;446;6,8;40;34,8
;12:30;419;6,85;40;32,8
;16:10;693;6,93;38;38,6
;19:50;710;6,9;38;40,1
;00:38;712;6,94;38;51,6
;04:28;710;6,91;38;53,6
24/9/2019;06:20;;;;
;09:20;541;6,92;44;30,3
;12:35;597;6,85;44;41,4
;16:55;620;6,89;44;40,3
;19:35;623;6,86;44;38,5
;00:39;618;6,98;44;40,6
;04:38;620;6,91;44;42,8
25/9/2019;06:20;;;;
; 08:55;542;6,97;44;30,5
; 12:30;543;6,92;44;25,9
; 17:25;572;6,96;44;32,7
;20:20;584;6,92;44;37,1
; 00:38;608;6,96;44;39,6
; 04:39;612;6,93;44;42,8
26/9/2019; 07:00;;;;
;09:15;350;6,96;44;35,1
;12:30;325;6,85;44;33
; 14:20;337;6,97;44;36,2
; 20:15;340;6,92;44;37,2
;00:05;357;6,94;44;33,7
;05:00;369;6,91;44;30,9
27/9/2019;08:30;414;6,88;44;34,9
;12:30;430;6,9;44;32,1
;16:20;466;6,97;44;33,7
;19:50;457;6,91;44;35,7
;23:35;410;7,06;44;37,6
; 05:10;420;7,14;44;38,1
28/9/2019;08:45;430;7,1;44;36,9
;12:35;436;7,14;44;39,7
;16:00;442;6,92;44;37,2
;20:10;489;6,98;44;36,2
; 00:40;486;6,95;44;30,9
; 04:41;488;6,97;44;34,7
29/9/2019;08:15;492;7;44;35,9
; 12:10;511;7,02;44;36,2
; 16:25;472;6,92;42;32,7
; 20:05;649;6,98;42;35,1
; 23:50;620;6,88;44;35,1
; 05:10;624;6,9;44;37,8
30/9/2019; 06:08;;;;
;09:20;562;6,96;44;30,6
;12:40;598;7,22;44;24,2
; 16:25;670;7,1;44;27,9
;19:40;629;7,02;44;26,8
; 00:05;629;6,99;42;27,9
; 05:00;638;7,02;42;28,3
1/10/2019;06:23;;;;
;09:49;630;7,18;44;25
;13:00;695;7,15;44;30,6
; 16:45;890;7,19;44;32,1
; 20:35;891;7,14;44;33,9
; 00:15;894;7,12;44;35,1
; 04:55;894;7,08;44;33,9
2/10/2019;;;;;
;09:18;682;7,19;44;63,8
; 12:55;674;6,96;44;46,2
;16:30;672;6,89;44;41,6
; 20:59;676;6,93;44;49,8
; 00:10;713;6,98;44;66,9
; 05:00;707;6,93;44;61,6
3/10/2019;;;;;
;07:30;584;6,91;40;55,6
; 12:50;557;7,11;44;45,6
;14:40;565;7,12;44;60,8
; 20:48;560;7,02;44;56,8
; 00:20;601;7,02;44;55,9
;05:10;602;6,98;44;57,1
4/10/2019; 06:20;;;;
; 09:30;544;7,1;40;43,8
;12:30;542;7,16;40;43,6
; 16:10;570;7,1;44;47,3
;20:00;566;7,03;44;45,9
; 00:25;543;7,02;44;48,7
; 05:00;539;7,05;44;49,2
5/10/2019;;;;;
; 09:40;540;7,02;44;48,6
;12:49;549;7,09;44;44,8
;16:30;552;7,1;44;45,6
;20:49;552;7,1;44;45,6
; 00:15;309;7,06;44;42,7
;05:00;312;7,09;44;46,1
6/10/2019;;;;;
;09:39;310;7,19;44;43
; 12:48;307;7,16;44;48
; 16:05;329;6,99;38;40,3
; 20:10;332;6,95;38;46,2
; 00:00;326;6,97;38;44,2
;05:00;329;6,98;38;43,7
7/10/2019; 6:25;;;;
;10:30;421;7,18;38;41,6
;13:20;448;7,09;36;44,2
;16:20;509;7,06;36;42,7
; 20:00;517;7,09;38;46,6
;00:25;583;6,97;38;41,3
;04:55;623;7,06;42;42,7
8/10/2019; 06:20;;;;
; 10:00;550;6,95;42;30,2
; 12:30;586;7,01;42;369
; 16:49;584;7,11;42;38,6
;20:39;588;7,06;42;32,8
;00:10;624;6,93;42;38,1
; 05:00;631;6,96;42;39,7
9/10/2019;06:25;;;;
;10:10;571;7,03;42;39,1
; 13:25;563;6,98;40;37,2
; 16:59;560;6,96;40;39,6
; 20:50;566;7,1;42;34,3
;23:50;581;6,96;42;36,8
;05:00;590;6,93;42;37,4
10/10/2019; 06:30;;;;
;10:20;482;6,95;38;42,2
;13:10;429;6,97;38;39,8
; 16:59;446;7,11;42;35,6
; 21:30;451;6,99;40;39,6
;23:45;426;7;42;35,1
;05:00;420;7,1;42;36,1
11/10/2019;06:20;;;;
; 09:00;446;6,93;38;39,5
;12:40;449;6,97;38;37,2
;16:45;452;6,99;38;39,6
;21:25;454;6,94;38;35,6
;23:35;441;6,93;38;35,1
;05:10;433;6,9;38;36,9
12/10/2019;;;;;
;08:55;374;6,97;38;37,6
;13:00;379;6,93;38;39,3
;16:50;382;6,98;38;35,4
;21:29;380;6,91;38;31,6
;23:55;350;6,99;38;39,1
; 05:10;353;6,96;38;37,6
13/10/2019;;;;;
;09:00;439;6,98;38;38,6
;12:35;450;6,93;38;37,2
;16:30;448;6,9;38;35,6
;20:35;445;6,98;38;33,8
; 23:25;421;6,96;38;40,6
;05:10;420;6,98;38;42,7
14/10/2019;;;;;
; 08:30;413;6,92;40;38,9
; 12:10;417;6,94;40;40,1
;16:30;415;6,91;40;42,6
; 20:31;412;6,96;40;40,6
;00:15;411;6,98;38;40,9
;04:50;410;6,96;38;41,6
15/10/2019; 06:15;;;;
;09:15;547;7;40;63,8
;12:40;545;6,97;40;55,3
; 16:10;622;6,92;36;59,7
;20:20;644;6,94;34;63,8
; 23:55;630;6,98;40;65,8
;04:40;632;7,02;40;67,2
16/10/2019; 06:20;;;;
;09:40;441;6,99;38;50,5
;13:05;388;6,97;38;39,4
;16:15;409;6,92;36;46,2
;20:10;368;6,87;36;43,9
;03:29;366;6,98;36;46,8
;04:26;370;6,88;38;49,6
17/10/2019; 06:25;;;;
; 09:20;330;6,94;36;33,7
; 11:30;340;6,9;34;35,5
;14:25;921;7,19;54;35,8
;19:35;1102;7,26;54;38,8
;00:38;1108;7,15;54;52,6
;04:28;1101;7,2;54;56,8
18/10/2019;;;;;
; 06:20;312;7;34;33,7
;11:30;989;7,03;42;45,5
;16:25;1084;7,1;42;47,8
;20:00;786;7,06;46;49,1
; 00:38;780;6,96;46;41,6
;04:38;576;6,98;48;43,8
19/10/2019;;;;;
; 08:20;287;6,97;38;40,6
;12:00;323;6,94;36;41,7
; 16:25;310;6,96;36;42,7
; 20:10;307;6,94;36;42,1
; 00:31;310;6,95;36;43,8
; 04:20;306;6,91;36;49,6
20/10/2019;;;;;
;08:30;293;6,94;38;38,6
;12:00;295;6,97;38;40,1
; 15:55;296;6,95;38;43,9
; 20:00;292;6,97;38;45,1
;00:31;302;6,93;38;48,9
; 04:25;306;6,98;38;43,6
21/10/2019;;;;;
;09:15;340;7,19;38;55,2
; 13:15;1736;7,32;88;41,9
; 17:10;1879;7,37;140;69,3
;20:15;1072;7,06;96;60,1
; 00:40;982;6,98;90;49,6
;04.30;980;6,93;90;54,6
22/10/2019;06:45;;;;
; 09:40;390;7,06;36;40,6
; 12:45;1546;7,16;68;56,8
; 16:50;1973;7,25;74;50,6
;20:30;727;7,24;56;53,4
;00:38;886;7,28;58;55,6
; 04:32;884;7,2;52;51,1
23/10/2019;06:20;;;;
; 09:25;342;6,93;34;34,7
; 13:10;1243;6,99;46;36,8
;16:20;673;7,23;42;38,9
;20:30;327;7,18;40;36,2
; 00:10;340;7,02;40;33,8
;04:55;322;7,13;38;39,1
24/10/2019; 06:30;;;;
;09:30;331;7,3;38;32,9
;12:45;319;6,98;36;34,6
; 16:35;338;7,02;36;36,1
;20.20;360;7,07;36;38,4
; 00:35;912;7,08;44;35,6
;04:50;663;7,15;46;329
25/10/2019;06:10;;;;
;09:45;438;7;36;42,6
;13:20;434;7,06;36;40,6
;16:20;410;7,09;36;42,7
; 20:30 ;418;7,15;38;40,6
;00:30;814;7,14;52;37,2
;04:55;670;7,19;50;38,6
26/10/2019;;;;;
;08:20;530;6,98;38;37,1
;12:15;417;7;38;36,1
;16:10;389;6,98;36;37,3
; 19:50;374;6,99;36;38,9
;00:15;1103;7,14;54;35,1
; 04:35;648;7,14;48;37,9
27/10/2019;;;;;
;08:30;712;7,14;44;40,2
;12:30;450;7,18;38;42,6
;16:00;417;7,12;38;40,9
;19:40;407;7,16;38;42,7
;00:10;1195;7,12;56;39,5
; 04:45;1196;7,19;60;41,6
28/10/2019;;;;;
; 09:30;856;7,2;50;66,7
; 12:30;673;7,08;42;69,4
;16:30;509;7,12;40;63,1
;20:00;466;7,03;40;60,2
; 00:25;1063;7,19;52;61,3
;04:40;606;7,15;42;58,7
29/10/2019; 06:10;;;;
; 09:50;421;7,18;38;42,2
;12:10;413;6,99;36;53,7
; 16:10;410;6,95;38;54,9
; 20:10;416;7,14;38;55,7
; 00:20;368;7,09;38;52,6
;04:45;348;7,16;38;50,6
30/10/2019;06:15;;;;
;08:50;379;7,15;38;32,3
; 13:28;386;7,21;38;35,6
;16:10;320;6,99;38;37,8
;19:55;316;6,96;38;39,9
; 00:10;327;7,03;36;42,1
;05:00;317;7,07;36;40,3
31/10/2019; 06:12;;;;
;08:20;-;-;-;-
;13:00;411;7,06;38;43,9
;  16:55;415;7,08;38;46,1
; 19:45;410;6,98;38;48,1
;00:10;410;7,09;38;61,7
;05:00;401;7,3;38;59,3
1/11/2019;06:06;;;;
; 09:30;437;7,18;38;37,2
; 12:50;448;7,12;38;35,2
;16:10;438;7,16;38;36,8
; 19:55;436;7,29;38;39,7
;23:45;433;7,16;38;46,8
; 05:00;435;7,14;38;49,9
2/11/2019;;;;;
;09:25;432;7,26;38;41,6
;12:49;438;7,18;38;38,6
;15:45;431;7,09;38;41,6
;09:55;428;7,16;38;43,9
;00:35;436;7,24;38;45,6
; 04:32;439;7,27;38;49
3/11/2019;;;;;
;09:39;433;7,12;38;43,6
; 12:45;436;7,06;38;40,1
; 15:50;429;7,1;38;42,6
; 20:10;432;7,09;38;43,9
; 23:55;410;7;38;51,9
; 04:45;409;7,06;38;55,6
4/11/2019;06:30;;;;
; 10: 35;429;7,09;36;38,2
; 13:10;468;7,12;36;36,4
;  17.15;450;7,13;38;38,5
;  19:50;446;7,19;38;41,6
;  00:20;481;7,09;36;37,2
;  04:40;492;7,05;36;38,4
5/11/2019;;;;;
;  08:30;495;7,12;36;45,2
;  13:00;668;7,13;42;50,6
;  16:40;2498;7,12;140;41,6
;  20:35;2388;7,2;140;40,1
;  23:45;1025;7,17;40;50,9
;  05:05;1033;7,21;40;52,9
6/11/2019;  06:30;;;;
;  08:40;658;7,03;42;40,3
;  13:00;636;7,06;90;33,1
;  16:59;3226;7,24;120;46,8
;  20:39;3201;7,22;120;42,6
;  23:50;1396;7,26;48;50,8
;  04:50;1280;7,26;48;47,1
7/11/2019;  06:30;;;;
;  09:50;313;7,05;32;36,1
;  12.50;1232;7,15;52;39,2
;  16.49;783;7,11;50;30,1
;  20:40;786;7,16;50;34,6
;  23.30;390;7,36;38;38,1
;  04:40;391;7,28;38;39,7
8/11/2019;  06:30;;;;
;  09:30;278;7,16;32;40,8
;  13:20;1113;7,12;54;42,6
;  16:30;1119;7,16;54;49,8
;  20:45;1101;7,23;54;45,1
;  23:55;989;7,26;54;46,7
;  04:40;990;7,18;52;46
9/11/2019;;;;;
;  08:00;323;7,06;32;39,6
;  12:45;308;7,11;32;36,2
;  16:38;289;7,18;32;38,8
;  21:00;293;7,24;32;35,6
;  23:35;316;7,1;36;49,1
;  05:10;306;7,18;36;47,8
10/11/2019;;;;;
;  08:40;971;7,13;52;49,1
;  13:00;954;7,18;54;45,6
;  16:30;976;7,1;54;48,1
;  20:47;970;7,06;52;45,6
;  23:40;760;7,28;50;41,8
;  04:55;741;7,2;48;42,1
11/11/2019;  06.20;;;;
;  09:20;382;7,05;36;64,6
;  13:20;381;7,06;38;58,1
;  17.00;384;7,02;36;52,6
;  21.00;381;7,06;38;61,6
;  23:30;376;7,26;38;56,9
;  04.55;378;7,16;38;58,9
12/11/2019;  06:20;;;;
;  9:05;301;6,95;32;77,6
;  13:00;305;6,93;30;73,2
;  16:25;312;7,02;32;78,2
;  20:30;318;7,7;30;75,8
;  23:45;314;7,1;30;77,9
;  05:00;310;7,08;34;76,1
13/11/2019;  06:20;;;;
;  09:20;291;6,96;32;90,6
;  12:30;2570;7,2;84;173
;  14:30;-;-;92;195
;  20:20;2910;7,24;100;236
;  00:38;3386;7,16;100;160
;  04:30;3266;7,13;102;166
14/11/2019;;;;;
;  08:50;1862;7,38;50;90,2
;  11:45;966;7,31;80;102
;  16:45;770;7,16;44;105
;  20:30;745;7,21;40;91,2
;  00:39;732;7,16;40;93
;  04:28;748;7,26;42;99,6
15/11/2019;  06:55;;;;
;  08:55;378;7,11;40;86,4
;  13:18;248;7;30;56,5
;-;251;6,97;38;60,8
;-;254;6,94;36;59
;  00:30;252;7,21;34;51
;  04:30;243;7,16;32;56,8
16/11/2019;;;;;
;  08:20;220;7,16;38;80,9
;  12:10;218;7,16;38;83,1
;  16:15;246;7,09;38;70,6
;  20:20;248;7,12;38;72,3
;  00:28;250;6,98;36;70,1
;  04:29;252;6,9;34;74,9
17/11/2019;;;;;
;  09:45;256;6,98;36;70,8
;  12:30;258;6,95;36;83,3
;  16:20;251;7,02;34;78,6
;  20:35;256;6,97;34;71,2
;  00:38;258;6,99;36;77,2
;  04:28;256;6,96;36;73,1
18/11/2019;;;;;
;  08:10;239;7,16;40;50,9
;  12:35;240;7,17;40;52,9
;  16:35;270;7,11;38;57,4
;  20:10;274;7,02;36;539
;  00:38;274;6,93;36;52,6
;  04:29;274;6,97;36;56,1
19/11/2019;;;;;
;  08:55;280;6,97;34;46
;  12:55;321;7,08;34;38,4
;  17:00;349;7,02;34;39,9
;  20:20;356;7,1;36;41,7
;  00:28;330;7,12;36;53,3
;  04:29;348;7,26;38;60,8
20/11/2019;;;;;
;  09:30;977;-;-;248
;  13:30;752;7,98;80;421
;  17:35;398;7,3;50;415
;  20:59;376;7,13;48;186
;  00:15;502;7,16;46;90,5
;  04:45;491;7,09;42;93,1
21/11/2019;  06:40;;;;
;  09:10;488;6,9;56;72,2
;  13:20;329;7;40;45,5
;  16:59;427;7,18;38;41,8
;  19:38;419;7,09;38;40
;  00:20;429;7,09;38;49,6
;  04:45;432;7,04;38;47,2
22/11/2019;  07:00;;;;
;  09:10;428;6,89;38;52,2
;  12:55;417;6,95;38;41,9
;  16:05;419;6,9;38;41,9
;  19:50;417;6,86;38;44,8
;  00:05;438;6,97;36;52,9
;  04:35;435;7,02;38;54,8
23/11/2019;;;;;
;  07:40;412;6,87;38;50,9
;  12:50;413;6,89;38;52,1
;  16:00;419;6,95;38;50,8
;  20:20;421;7,02;38;48,2
;  00:30;419;7,05;36;50,1
;  04:35;417;6,97;38;48,2
24/11/2019;;;;;
;  08:50;410;6,87;38;51,3
;  12:15;411;6,89;38;53,1
;  16:10;408;6,93;38;56,1
;  20:15;409;6,95;38;58,9
;  00:10;430;7,06;36;50,7
;  04:45;432;7,02;36;50,7
25/11/2019;  06:08;;;;
;  09:28;479;6,98;36;47,1
;  13:19;498;7,01;38;58,6
;  16:20;472;7,05;38;52,6
;  20:15;470;7,01;38;48,3
;  00:10;456;6,98;38;48,6
;  04:50;453;7,04;38;50,2
26/11/2019;;;;;
;  09:15;475;6,96;38;87,4
;  12:55;471;6,9;38;61,6
;  16:15;452;7,01;40;63,8
;   19:35;450;7,06;40;65,1
;  00:15;515;7,11;38;70,6
;  04:45;511;7,08;38;67,2
27/11/2019;  06:26;;;;
;  09:50;484;6,98;36;58,6
;  12:55;486;6,86;40;61,2
;  17:00;484;6,89;38;52,9
;  20:00;481;6,8;38;63,1
;  00:15;474;7,11;38;58,7
;  05:00;483;7,08;38;60,4
28/11/2019;  06:13;;;;
;  09:49;437;7,02;38;56,1
;  12:40;409;6,96;36;52,4
;  16:05;427;6,98;36;60,1
;  20:05;426;6,96;36;62,8
;  00:15;427;7,01;38;56,3
;  05:00;433;7;38;60,4
29/11/2019;  06:18;;;;
;  10:18;397;6,8;36;51,1
;  13.00;396;6,86;36;56
;  16:50;421;7;38;46,3
;  20:15;432;7,06;38;48,7
;  00:10;430;7;38;49,1
;  04:50;433;7,08;38;52,7
30/11/2019;;;;;
;  09:39;436;7,13;38;56,2
;  12.55;431;7,1;38;51,1
;  16:00;436;6,95;38;52,9
;  20:15;469;7,06;38;53,1
;  00:15;431;7,1;38;48,7
;  05:00;446;7,03;38;47,9
1/12/2019;;;;;
; 09.50;1198;7,18;40;61,6
; 12:59;1286;7,13;40;76,1
; 16:10;500;6,96;38;71,9
; 20.10;502;7,01;38;76,1
; 00:20;1079;7,01;48;120
; 04:55;1746;7;76;133
2/12/2019; 06:20;;;;
; 10.35;1239;7,08;68;112
; 13:10;1267;7,13;66;105
; 17:10;1311;7,16;66;110
; 20:30;2010;7,36;80;130
; 00:25;1317;7,17;62;120
; 05:05;607;7,04;42;93,9
3/12/2019; 06:25;;;;
; 10.50;341;7,06;32;188
; 13:05;-;-;-;-
; 17.55;317;6,98;28;193
; 20.40;309;6,92;28;201
; 23:50;276;7,01;28;168
; 05:00;241;6,92;28;170
4/12/2019; 06:25;;;;
; 10:40;296;6,71;30;132
; 13:20;300;6,75;30;130
; 16:55;296;6,79;30;126
; 20:15;294;6,82;30;129
; 00:15;229;6,83;30;135
; 05:15;233;6,86;30;139
5/12/2019; 06:30;;;;
; 09:25;287;6,79;30;120
; 13:20;299;6,75;30;129
; 16:30;301;6,84;28;136
; 20:25;320;6,87;30;121
; 00:15;308;6,86;28;131
; 05:05;306;6,89;28;136
6/12/2019; 06:20;;;;
; 09:20;312;6,78;30;98
; 13.15;318;6,87;30;96,2
; 16:15;320;6,85;30;98,9
; 20:30;316;6,89;30;96,9
; 00:10;318;6,88;30;97,4
; 04.55;312;6,9;30;98,6
7/12/2019;;;;;
; 08.25;320;6,96;28;90,2
; 12.30;325;6,92;28;85,4
; 16:00;334;6,9;28;87,9
; 20:15;347;6,91;28;90,7
; 00:05;317;6,86;30;93,9
; 05:15;319;6,85;30;95,3
8/12/2019;;;;;
; 09:05;367;7,02;30;79,4
; 13:10;379;6,96;30;70,6
; 16.15;380;6,91;30;76,9
; 20.15;376;6,87;30;79,3
; 00:25;351;6,88;30;83,4
; 05:15;341;6,93;30;85,6
9/12/2019; 06:25;;;;
; 09:40;369;7,01;32;81,1
; 13:20;377;6,82;32;67
; 16:45;381;6,89;32;69,2
; 20.20;383;6,97;30;70,1
; 00:20;365;6,9;32;78,6
; 04:55;367;6,96;32;76,1
10/12/2019;;;;;
; 09:50;353;6,87;32;66,5
; 13.20;355;6,89;36;63,8
; 16:25;369;6,93;34;60,8
; 21.10;375;6,98;34;65,2
; 00:20;379;6,96;34;69,1
; 05.05;381;6,98;34;69,6
11/12/2019; 06.20;;;;
; 09.05;379;6,9;32;67,4
; 12:30;379;6,82;32;86,1
; 16:35;391;6,95;34;69,6
; 21:30;389;6,9;34;76,8
; 00:15;387;6,95;36;69,5
; 04:40;379;6,92;36;69,5
12/12/2019; 06:20;;;;
; 08.30;383;7,01;34;88,9
; 11.20;370;7,03;34;87,1
; 16.20;394;6,95;36;87,2
; 20.10;392;6,92;36;85,2
; 00:30;394;7,01;36;92,6
; 04.20;392;6,98;36;91,6
13/12/2019;;;;;
; 08.00;401;6,93;36;80,4
; 12:25;397;6,98;34;81,7
; 16:10;403;6,92;36;74,6
; 20:30;413;6,98;36;72,4
; 00:35;426;7,1;36;86,6
; 04:30;423;7,15;36;70,8
14/12/2019;;;;;
; 08:30;413;7,01;36;74,2
; 12.10;407;6,96;36;68,7
; 16:25;451;6,92;34;88,6
; 20.20;453;6,89;34;102
; 00:45;467;7,13;38;124
; 04:28;472;7,16;38;129
15/12/2019;;;;;
; 08:30;492;6,93;36;106
; 12:10;507;6,93;36;112
; 16:25;420;6,98;36;181
; 20:20;412;6,92;36;231
; 00:30;421;7,06;36;221
; 04.19;424;7,13;36;296
16/12/2019; 06:40;;;;
; 08.40;382;7,02;40;210
; 13.10;385;7,04;40;213
; 16.25;389;7,09;40;218
; 20:10;382;7,4;40;227
; 00:30;398;7,06;40;238
; 04:31;412;7,13;40;320
17/12/2019; 06:35;;;;
; 08:20;405;6,97;42;259
; 12:10;420;7,07;42;273
; 08:20;405;6,97;42;259
; 20:30;442;7,03;42;277
; 00:40;446;7,17;42;276
; 04:29;442;7,19;42;289
18/12/2019;;;;;
; 09:20;396;7,16;42;202
; 13:05;393;7,27;42;280
; 16.20;396;7,13;42;268
; 19.20;401;7,04;42;273
; 00.20;382;6,97;40;230
; 04:35;379;7,02;40;258
19/12/2019;;;;;
; 09:10;384;7,01;40;273
; 12:50;400;7,03;40;243
; 16:20;407;7,07;40;252
; 20:25;410;7,07;40;261
; 00:10;414;7,04;40;251
; 04:40;418;7,01;40;258
20/12/2019; 07:00;;;;
; 09:20;394;6,98;40;224
; 13:00;396;7,06;40;220
; 16:20;407;7,3;40;239
; 20:25;412;7,07;38;226
; 00:10;371;7,05;38;375
; 04:35;406;7,12;38;295
21/12/2019;;;;;
; 09:15;375;6,97;40;283
; 12:55;380;6,99;40;285
; 16:25;377;6,92;40;266
; 19:40;397;6,93;40;270
; 00:15;400;7,03;40;265
; 04:45;403;7,06;40;273
22/12/2019;;;;;
; 08:15;424;7,13;40;259
; 12:25;437;7,01;38;263
; 16:30;430;7,09;40;248
; 20:15;435;6,9;38;250
; 00:05;476;7,11;38;289
; 04:40;499;7,06;38;280
23/12/2019; 06:15;;;;
; 10:00;476;6,98;42;276
; 13:25;472;7,11;42;296
; 16:20;477;7,07;40;301
; 20:00;472;7,04;40;317
; 00:10;496;7,09;38;356
; 04:40;521;7,11;40;382
24/12/2019;;;;;
; 08:30;513;7,03;40;347
; 12:00;517;7,09;40;356
; 16:20;519;7,11;40;361
; 20:20;526;7,06;40;389
;" 00;10";498;7,09;40;479
; 04:35;450;7,2;40;417
25/12/2019;;;;;
; 09:30;454;7,12;42;461
; 12:40;456;7,2;42;486
; 16:20;455;7,1;40;489
; 20:00;453;6,99;40;496
; 00:15;407;7,07;40;462
; 05:05;427;7,04;40;459
26/12/2019; 06:30;;;;
; 08:50;432;7,02;40;279
; 12:40;424;7,2;40;295
; 17:15;429;7,12;40;299
; 20:15;431;6,99;40;306
; 00:20;483;6,96;40;307
; 05:00;487;6,92;40;298
27/12/2019; 06:20;;;;
; 09:25;477;6,97;40;301
; 12.20;482;7,12;40;267
; 16:00;490;7,16;40;289
; 20:10;488;7,19;40;301
; 00:20;486;7,04;40;312
; 05:10;490;7,02;40;302
28/12/2019;;;;;
; 09:32;491;7,05;40;311
; 12:45;484;7,12;40;329
; 16:15;461;7,13;40;335
; 19:45;463;7,1;40;337
; 00:20;431;7,04;40;312
; 05:10;427;7,01;40;320
29/12/2019;;;;;
; 09:30;430;7,06;40;333
; 12:38;428;7,13;40;312
; 16:30;431;7,1;42;369
; 20:10;431;7,13;42;386
; 00:20;423;6,92;40;320
; 05:00;402;6,83;34;212
30/12/2019; 06:30;;;;
; 10:15;396;6,93;32;196
; 13:20;389;6,97;32;190
; 15:50;386;6,99;32;193
; 20:20;389;6,91;32;196
; 00:15;384;6,96;32;189
; 05:05;377;6,92;32;197
31/12/2019;;;;;
; 08:10;406;6,91;32;211
; 12:15;415;6,94;32;203
; 16.50;418;7,01;32;261
; -;422;7,07;32;250
; 21.40;-;-;-;-
; 04.10;427;6,93;32;247
;;;;;
