fecha,punto,pixel,banda,reflect,longitud,latitud
2023-05-11,1,1x1,B01,0.16174375,-58.8680469,-27.4646869
2023-05-11,1,1x1,B02,0.1704,-58.8680469,-27.4646869
2023-05-11,1,1x1,B03,0.2088,-58.8680469,-27.4646869
2023-05-11,1,1x1,B04,0.251,-58.8680469,-27.4646869
2023-05-11,1,1x1,B05,0.25765625,-58.8680469,-27.4646869
2023-05-11,1,1x1,B06,0.202175,-58.8680469,-27.4646869
2023-05-11,1,1x1,B07,0.2075,-58.8680469,-27.4646869
2023-05-11,1,1x1,B08,0.194,-58.8680469,-27.4646869
2023-05-11,1,1x1,B8A,0.17306875,-58.8680469,-27.4646869
2023-05-11,1,1x1,B11,0.118625,-58.8680469,-27.4646869
2023-05-11,1,1x1,B12,0.1147375,-58.8680469,-27.4646869
2023-05-11,1,3x3,B01,0.16128958333333332,-58.8680469,-27.4646869
2023-05-11,1,3x3,B02,0.17125555555555558,-58.8680469,-27.4646869
2023-05-11,1,3x3,B03,0.20664444444444444,-58.8680469,-27.4646869
2023-05-11,1,3x3,B04,0.25091111111111114,-58.8680469,-27.4646869
2023-05-11,1,3x3,B05,0.25805833333333333,-58.8680469,-27.4646869
2023-05-11,1,3x3,B06,0.20217013888888888,-58.8680469,-27.4646869
2023-05-11,1,3x3,B07,0.2074902777777778,-58.8680469,-27.4646869
2023-05-11,1,3x3,B08,0.1937222222222222,-58.8680469,-27.4646869
2023-05-11,1,3x3,B8A,0.1731375,-58.8680469,-27.4646869
2023-05-11,1,3x3,B11,0.11889236111111112,-58.8680469,-27.4646869
2023-05-11,1,3x3,B12,0.11546180555555556,-58.8680469,-27.4646869
2023-05-11,2,1x1,B01,0.149925,-58.8667293,-27.4663034
2023-05-11,2,1x1,B02,0.1706,-58.8667293,-27.4663034
2023-05-11,2,1x1,B03,0.2021,-58.8667293,-27.4663034
2023-05-11,2,1x1,B04,0.2432,-58.8667293,-27.4663034
2023-05-11,2,1x1,B05,0.24716875,-58.8667293,-27.4663034
2023-05-11,2,1x1,B06,0.18663125,-58.8667293,-27.4663034
2023-05-11,2,1x1,B07,0.1875125,-58.8667293,-27.4663034
2023-05-11,2,1x1,B08,0.1758,-58.8667293,-27.4663034
2023-05-11,2,1x1,B8A,0.1592625,-58.8667293,-27.4663034
2023-05-11,2,1x1,B11,0.1141,-58.8667293,-27.4663034
2023-05-11,2,1x1,B12,0.11103125,-58.8667293,-27.4663034
2023-05-11,2,3x3,B01,0.14990555555555557,-58.8667293,-27.4663034
2023-05-11,2,3x3,B02,0.1703777777777778,-58.8667293,-27.4663034
2023-05-11,2,3x3,B03,0.20227777777777775,-58.8667293,-27.4663034
2023-05-11,2,3x3,B04,0.24268888888888887,-58.8667293,-27.4663034
2023-05-11,2,3x3,B05,0.24711527777777775,-58.8667293,-27.4663034
2023-05-11,2,3x3,B06,0.1867388888888889,-58.8667293,-27.4663034
2023-05-11,2,3x3,B07,0.18802708333333332,-58.8667293,-27.4663034
2023-05-11,2,3x3,B08,0.17554444444444445,-58.8667293,-27.4663034
2023-05-11,2,3x3,B8A,0.15937291666666667,-58.8667293,-27.4663034
2023-05-11,2,3x3,B11,0.1139923611111111,-58.8667293,-27.4663034
2023-05-11,2,3x3,B12,0.11121041666666669,-58.8667293,-27.4663034
2023-05-11,3,1x1,B01,0.149725,-58.8648886,-27.4680565
2023-05-11,3,1x1,B02,0.1662,-58.8648886,-27.4680565
2023-05-11,3,1x1,B03,0.1971,-58.8648886,-27.4680565
2023-05-11,3,1x1,B04,0.2238,-58.8648886,-27.4680565
2023-05-11,3,1x1,B05,0.218175,-58.8648886,-27.4680565
2023-05-11,3,1x1,B06,0.15916875,-58.8648886,-27.4680565
2023-05-11,3,1x1,B07,0.16334375,-58.8648886,-27.4680565
2023-05-11,3,1x1,B08,0.1507,-58.8648886,-27.4680565
2023-05-11,3,1x1,B8A,0.1396625,-58.8648886,-27.4680565
2023-05-11,3,1x1,B11,0.1142625,-58.8648886,-27.4680565
2023-05-11,3,1x1,B12,0.11300625,-58.8648886,-27.4680565
2023-05-11,3,3x3,B01,0.14971805555555556,-58.8648886,-27.4680565
2023-05-11,3,3x3,B02,0.16725555555555555,-58.8648886,-27.4680565
2023-05-11,3,3x3,B03,0.1973222222222222,-58.8648886,-27.4680565
2023-05-11,3,3x3,B04,0.22351111111111113,-58.8648886,-27.4680565
2023-05-11,3,3x3,B05,0.21860833333333335,-58.8648886,-27.4680565
2023-05-11,3,3x3,B06,0.15929166666666666,-58.8648886,-27.4680565
2023-05-11,3,3x3,B07,0.16322847222222223,-58.8648886,-27.4680565
2023-05-11,3,3x3,B08,0.15154444444444445,-58.8648886,-27.4680565
2023-05-11,3,3x3,B8A,0.1397826388888889,-58.8648886,-27.4680565
2023-05-11,3,3x3,B11,0.11424097222222222,-58.8648886,-27.4680565
2023-05-11,3,3x3,B12,0.11293125,-58.8648886,-27.4680565
2023-05-11,4,1x1,B01,0.14845,-58.8633671,-27.4692399
2023-05-11,4,1x1,B02,0.163,-58.8633671,-27.4692399
2023-05-11,4,1x1,B03,0.1904,-58.8633671,-27.4692399
2023-05-11,4,1x1,B04,0.1965,-58.8633671,-27.4692399
2023-05-11,4,1x1,B05,0.18364375,-58.8633671,-27.4692399
2023-05-11,4,1x1,B06,0.13931875,-58.8633671,-27.4692399
2023-05-11,4,1x1,B07,0.1398125,-58.8633671,-27.4692399
2023-05-11,4,1x1,B08,0.1352,-58.8633671,-27.4692399
2023-05-11,4,1x1,B8A,0.1281125,-58.8633671,-27.4692399
2023-05-11,4,1x1,B11,0.1156,-58.8633671,-27.4692399
2023-05-11,4,1x1,B12,0.1130375,-58.8633671,-27.4692399
2023-05-11,4,3x3,B01,0.14844097222222222,-58.8633671,-27.4692399
2023-05-11,4,3x3,B02,0.1632888888888889,-58.8633671,-27.4692399
2023-05-11,4,3x3,B03,0.18873333333333336,-58.8633671,-27.4692399
2023-05-11,4,3x3,B04,0.19616666666666668,-58.8633671,-27.4692399
2023-05-11,4,3x3,B05,0.18385416666666668,-58.8633671,-27.4692399
2023-05-11,4,3x3,B06,0.13938819444444445,-58.8633671,-27.4692399
2023-05-11,4,3x3,B07,0.14001666666666668,-58.8633671,-27.4692399
2023-05-11,4,3x3,B08,0.1354,-58.8633671,-27.4692399
2023-05-11,4,3x3,B8A,0.1282222222222222,-58.8633671,-27.4692399
2023-05-11,4,3x3,B11,0.11560208333333331,-58.8633671,-27.4692399
2023-05-11,4,3x3,B12,0.1130965277777778,-58.8633671,-27.4692399
2023-05-11,5,1x1,B01,0.1458,-58.8624538,-27.4705607
2023-05-11,5,1x1,B02,0.1585,-58.8624538,-27.4705607
2023-05-11,5,1x1,B03,0.1792,-58.8624538,-27.4705607
2023-05-11,5,1x1,B04,0.1736,-58.8624538,-27.4705607
2023-05-11,5,1x1,B05,0.162525,-58.8624538,-27.4705607
2023-05-11,5,1x1,B06,0.13226875,-58.8624538,-27.4705607
2023-05-11,5,1x1,B07,0.13345,-58.8624538,-27.4705607
2023-05-11,5,1x1,B08,0.1266,-58.8624538,-27.4705607
2023-05-11,5,1x1,B8A,0.12451875,-58.8624538,-27.4705607
2023-05-11,5,1x1,B11,0.1170125,-58.8624538,-27.4705607
2023-05-11,5,1x1,B12,0.1139125,-58.8624538,-27.4705607
2023-05-11,5,3x3,B01,0.1458375,-58.8624538,-27.4705607
2023-05-11,5,3x3,B02,0.15773333333333334,-58.8624538,-27.4705607
2023-05-11,5,3x3,B03,0.17876666666666668,-58.8624538,-27.4705607
2023-05-11,5,3x3,B04,0.1739111111111111,-58.8624538,-27.4705607
2023-05-11,5,3x3,B05,0.1626,-58.8624538,-27.4705607
2023-05-11,5,3x3,B06,0.1321402777777778,-58.8624538,-27.4705607
2023-05-11,5,3x3,B07,0.13322916666666668,-58.8624538,-27.4705607
2023-05-11,5,3x3,B08,0.12665555555555558,-58.8624538,-27.4705607
2023-05-11,5,3x3,B8A,0.12454791666666667,-58.8624538,-27.4705607
2023-05-11,5,3x3,B11,0.11706944444444443,-58.8624538,-27.4705607
2023-05-11,5,3x3,B12,0.1139923611111111,-58.8624538,-27.4705607
2023-05-11,6,1x1,B01,0.1427375,-58.8606621,-27.4726781
2023-05-11,6,1x1,B02,0.1518,-58.8606621,-27.4726781
2023-05-11,6,1x1,B03,0.1645,-58.8606621,-27.4726781
2023-05-11,6,1x1,B04,0.1487,-58.8606621,-27.4726781
2023-05-11,6,1x1,B05,0.13948125,-58.8606621,-27.4726781
2023-05-11,6,1x1,B06,0.1243875,-58.8606621,-27.4726781
2023-05-11,6,1x1,B07,0.12621875,-58.8606621,-27.4726781
2023-05-11,6,1x1,B08,0.1222,-58.8606621,-27.4726781
2023-05-11,6,1x1,B8A,0.1227875,-58.8606621,-27.4726781
2023-05-11,6,1x1,B11,0.11583125,-58.8606621,-27.4726781
2023-05-11,6,1x1,B12,0.11503125,-58.8606621,-27.4726781
2023-05-11,6,3x3,B01,0.14269444444444443,-58.8606621,-27.4726781
2023-05-11,6,3x3,B02,0.1510111111111111,-58.8606621,-27.4726781
2023-05-11,6,3x3,B03,0.16441111111111112,-58.8606621,-27.4726781
2023-05-11,6,3x3,B04,0.1483,-58.8606621,-27.4726781
2023-05-11,6,3x3,B05,0.13958194444444444,-58.8606621,-27.4726781
2023-05-11,6,3x3,B06,0.12437777777777778,-58.8606621,-27.4726781
2023-05-11,6,3x3,B07,0.1261590277777778,-58.8606621,-27.4726781
2023-05-11,6,3x3,B08,0.1220222222222222,-58.8606621,-27.4726781
2023-05-11,6,3x3,B8A,0.12271388888888889,-58.8606621,-27.4726781
2023-05-11,6,3x3,B11,0.11597361111111112,-58.8606621,-27.4726781
2023-05-11,6,3x3,B12,0.11519305555555556,-58.8606621,-27.4726781
2023-05-11,7,1x1,B01,0.1420375,-58.8591202,-27.4733471
2023-05-11,7,1x1,B02,0.1525,-58.8591202,-27.4733471
2023-05-11,7,1x1,B03,0.164,-58.8591202,-27.4733471
2023-05-11,7,1x1,B04,0.1465,-58.8591202,-27.4733471
2023-05-11,7,1x1,B05,0.13893125,-58.8591202,-27.4733471
2023-05-11,7,1x1,B06,0.12348125,-58.8591202,-27.4733471
2023-05-11,7,1x1,B07,0.1259,-58.8591202,-27.4733471
2023-05-11,7,1x1,B08,0.1236,-58.8591202,-27.4733471
2023-05-11,7,1x1,B8A,0.12191875,-58.8591202,-27.4733471
2023-05-11,7,1x1,B11,0.1175,-58.8591202,-27.4733471
2023-05-11,7,1x1,B12,0.11661875,-58.8591202,-27.4733471
2023-05-11,7,3x3,B01,0.14206944444444444,-58.8591202,-27.4733471
2023-05-11,7,3x3,B02,0.1512777777777778,-58.8591202,-27.4733471
2023-05-11,7,3x3,B03,0.1640222222222222,-58.8591202,-27.4733471
2023-05-11,7,3x3,B04,0.1466777777777778,-58.8591202,-27.4733471
2023-05-11,7,3x3,B05,0.1388201388888889,-58.8591202,-27.4733471
2023-05-11,7,3x3,B06,0.12352986111111112,-58.8591202,-27.4733471
2023-05-11,7,3x3,B07,0.12599236111111112,-58.8591202,-27.4733471
2023-05-11,7,3x3,B08,0.12345555555555555,-58.8591202,-27.4733471
2023-05-11,7,3x3,B8A,0.1217638888888889,-58.8591202,-27.4733471
2023-05-11,7,3x3,B11,0.11763819444444444,-58.8591202,-27.4733471
2023-05-11,7,3x3,B12,0.11659791666666668,-58.8591202,-27.4733471
2023-05-11,8,1x1,B01,0.154075,-58.857019,-27.4740568
2023-05-11,8,1x1,B02,0.1584,-58.857019,-27.4740568
2023-05-11,8,1x1,B03,0.1691,-58.857019,-27.4740568
2023-05-11,8,1x1,B04,0.15310000000000001,-58.857019,-27.4740568
2023-05-11,8,1x1,B05,0.14765,-58.857019,-27.4740568
2023-05-11,8,1x1,B06,0.13218125,-58.857019,-27.4740568
2023-05-11,8,1x1,B07,0.13566875,-58.857019,-27.4740568
2023-05-11,8,1x1,B08,0.1335,-58.857019,-27.4740568
2023-05-11,8,1x1,B8A,0.129925,-58.857019,-27.4740568
2023-05-11,8,1x1,B11,0.13085625,-58.857019,-27.4740568
2023-05-11,8,1x1,B12,0.1281875,-58.857019,-27.4740568
2023-05-11,8,3x3,B01,0.15412361111111111,-58.857019,-27.4740568
2023-05-11,8,3x3,B02,0.15634444444444442,-58.857019,-27.4740568
2023-05-11,8,3x3,B03,0.16863333333333333,-58.857019,-27.4740568
2023-05-11,8,3x3,B04,0.1535,-58.857019,-27.4740568
2023-05-11,8,3x3,B05,0.1462013888888889,-58.857019,-27.4740568
2023-05-11,8,3x3,B06,0.1311673611111111,-58.857019,-27.4740568
2023-05-11,8,3x3,B07,0.13489444444444443,-58.857019,-27.4740568
2023-05-11,8,3x3,B08,0.134,-58.857019,-27.4740568
2023-05-11,8,3x3,B8A,0.1296576388888889,-58.857019,-27.4740568
2023-05-11,8,3x3,B11,0.13028402777777778,-58.857019,-27.4740568
2023-05-11,8,3x3,B12,0.12830555555555556,-58.857019,-27.4740568
2023-05-11,9,1x1,B01,0.17340625,-58.8682313,-27.4645328
2023-05-11,9,1x1,B02,0.1736,-58.8682313,-27.4645328
2023-05-11,9,1x1,B03,0.206,-58.8682313,-27.4645328
2023-05-11,9,1x1,B04,0.2454,-58.8682313,-27.4645328
2023-05-11,9,1x1,B05,0.2628,-58.8682313,-27.4645328
2023-05-11,9,1x1,B06,0.20833125,-58.8682313,-27.4645328
2023-05-11,9,1x1,B07,0.2124625,-58.8682313,-27.4645328
2023-05-11,9,1x1,B08,0.1918,-58.8682313,-27.4645328
2023-05-11,9,1x1,B8A,0.1859375,-58.8682313,-27.4645328
2023-05-11,9,1x1,B11,0.14555625,-58.8682313,-27.4645328
2023-05-11,9,1x1,B12,0.13825625,-58.8682313,-27.4645328
2023-05-11,9,3x3,B01,0.17225069444444444,-58.8682313,-27.4645328
2023-05-11,9,3x3,B02,0.1772111111111111,-58.8682313,-27.4645328
2023-05-11,9,3x3,B03,0.20935555555555557,-58.8682313,-27.4645328
2023-05-11,9,3x3,B04,0.2500222222222222,-58.8682313,-27.4645328
2023-05-11,9,3x3,B05,0.26403333333333334,-58.8682313,-27.4645328
2023-05-11,9,3x3,B06,0.21152569444444444,-58.8682313,-27.4645328
2023-05-11,9,3x3,B07,0.2164881944444444,-58.8682313,-27.4645328
2023-05-11,9,3x3,B08,0.19621111111111111,-58.8682313,-27.4645328
2023-05-11,9,3x3,B8A,0.18789375,-58.8682313,-27.4645328
2023-05-11,9,3x3,B11,0.1479375,-58.8682313,-27.4645328
2023-05-11,9,3x3,B12,0.14271666666666669,-58.8682313,-27.4645328
2023-05-11,10,1x1,B01,0.1498,-58.8672607,-27.4672578
2023-05-11,10,1x1,B02,0.1708,-58.8672607,-27.4672578
2023-05-11,10,1x1,B03,0.205,-58.8672607,-27.4672578
2023-05-11,10,1x1,B04,0.2416,-58.8672607,-27.4672578
2023-05-11,10,1x1,B05,0.2447,-58.8672607,-27.4672578
2023-05-11,10,1x1,B06,0.184775,-58.8672607,-27.4672578
2023-05-11,10,1x1,B07,0.18879375,-58.8672607,-27.4672578
2023-05-11,10,1x1,B08,0.1755,-58.8672607,-27.4672578
2023-05-11,10,1x1,B8A,0.1567,-58.8672607,-27.4672578
2023-05-11,10,1x1,B11,0.11263125,-58.8672607,-27.4672578
2023-05-11,10,1x1,B12,0.11129375,-58.8672607,-27.4672578
2023-05-11,10,3x3,B01,0.14978611111111112,-58.8672607,-27.4672578
2023-05-11,10,3x3,B02,0.16965555555555556,-58.8672607,-27.4672578
2023-05-11,10,3x3,B03,0.20295555555555556,-58.8672607,-27.4672578
2023-05-11,10,3x3,B04,0.24137777777777775,-58.8672607,-27.4672578
2023-05-11,10,3x3,B05,0.24444861111111113,-58.8672607,-27.4672578
2023-05-11,10,3x3,B06,0.1847256944444444,-58.8672607,-27.4672578
2023-05-11,10,3x3,B07,0.1886340277777778,-58.8672607,-27.4672578
2023-05-11,10,3x3,B08,0.17551111111111112,-58.8672607,-27.4672578
2023-05-11,10,3x3,B8A,0.1568159722222222,-58.8672607,-27.4672578
2023-05-11,10,3x3,B11,0.11267361111111111,-58.8672607,-27.4672578
2023-05-11,10,3x3,B12,0.11133958333333333,-58.8672607,-27.4672578
2023-05-11,11,1x1,B01,0.14905,-58.8647944,-27.4696977
2023-05-11,11,1x1,B02,0.1643,-58.8647944,-27.4696977
2023-05-11,11,1x1,B03,0.1917,-58.8647944,-27.4696977
2023-05-11,11,1x1,B04,0.2062,-58.8647944,-27.4696977
2023-05-11,11,1x1,B05,0.1959625,-58.8647944,-27.4696977
2023-05-11,11,1x1,B06,0.14316875,-58.8647944,-27.4696977
2023-05-11,11,1x1,B07,0.1451875,-58.8647944,-27.4696977
2023-05-11,11,1x1,B08,0.139,-58.8647944,-27.4696977
2023-05-11,11,1x1,B8A,0.1305375,-58.8647944,-27.4696977
2023-05-11,11,1x1,B11,0.11403125,-58.8647944,-27.4696977
2023-05-11,11,1x1,B12,0.11306875,-58.8647944,-27.4696977
2023-05-11,11,3x3,B01,0.14907916666666668,-58.8647944,-27.4696977
2023-05-11,11,3x3,B02,0.16465555555555556,-58.8647944,-27.4696977
2023-05-11,11,3x3,B03,0.1923888888888889,-58.8647944,-27.4696977
2023-05-11,11,3x3,B04,0.20575555555555555,-58.8647944,-27.4696977
2023-05-11,11,3x3,B05,0.19567430555555557,-58.8647944,-27.4696977
2023-05-11,11,3x3,B06,0.14332430555555556,-58.8647944,-27.4696977
2023-05-11,11,3x3,B07,0.14526041666666667,-58.8647944,-27.4696977
2023-05-11,11,3x3,B08,0.1389,-58.8647944,-27.4696977
2023-05-11,11,3x3,B8A,0.13064930555555557,-58.8647944,-27.4696977
2023-05-11,11,3x3,B11,0.11403958333333332,-58.8647944,-27.4696977
2023-05-11,11,3x3,B12,0.11300833333333332,-58.8647944,-27.4696977
2023-05-11,12,1x1,B01,0.1458,-58.8624538,-27.4705607
2023-05-11,12,1x1,B02,0.1585,-58.8624538,-27.4705607
2023-05-11,12,1x1,B03,0.1792,-58.8624538,-27.4705607
2023-05-11,12,1x1,B04,0.1736,-58.8624538,-27.4705607
2023-05-11,12,1x1,B05,0.162525,-58.8624538,-27.4705607
2023-05-11,12,1x1,B06,0.13226875,-58.8624538,-27.4705607
2023-05-11,12,1x1,B07,0.13345,-58.8624538,-27.4705607
2023-05-11,12,1x1,B08,0.1266,-58.8624538,-27.4705607
2023-05-11,12,1x1,B8A,0.12451875,-58.8624538,-27.4705607
2023-05-11,12,1x1,B11,0.1170125,-58.8624538,-27.4705607
2023-05-11,12,1x1,B12,0.1139125,-58.8624538,-27.4705607
2023-05-11,12,3x3,B01,0.1458375,-58.8624538,-27.4705607
2023-05-11,12,3x3,B02,0.15773333333333334,-58.8624538,-27.4705607
2023-05-11,12,3x3,B03,0.17876666666666668,-58.8624538,-27.4705607
2023-05-11,12,3x3,B04,0.1739111111111111,-58.8624538,-27.4705607
2023-05-11,12,3x3,B05,0.1626,-58.8624538,-27.4705607
2023-05-11,12,3x3,B06,0.1321402777777778,-58.8624538,-27.4705607
2023-05-11,12,3x3,B07,0.13322916666666668,-58.8624538,-27.4705607
2023-05-11,12,3x3,B08,0.12665555555555558,-58.8624538,-27.4705607
2023-05-11,12,3x3,B8A,0.12454791666666667,-58.8624538,-27.4705607
2023-05-11,12,3x3,B11,0.11706944444444443,-58.8624538,-27.4705607
2023-05-11,12,3x3,B12,0.1139923611111111,-58.8624538,-27.4705607
2023-05-11,13,1x1,B01,0.1427375,-58.8606621,-27.4726781
2023-05-11,13,1x1,B02,0.1518,-58.8606621,-27.4726781
2023-05-11,13,1x1,B03,0.1645,-58.8606621,-27.4726781
2023-05-11,13,1x1,B04,0.1487,-58.8606621,-27.4726781
2023-05-11,13,1x1,B05,0.13948125,-58.8606621,-27.4726781
2023-05-11,13,1x1,B06,0.1243875,-58.8606621,-27.4726781
2023-05-11,13,1x1,B07,0.12621875,-58.8606621,-27.4726781
2023-05-11,13,1x1,B08,0.1222,-58.8606621,-27.4726781
2023-05-11,13,1x1,B8A,0.1227875,-58.8606621,-27.4726781
2023-05-11,13,1x1,B11,0.11583125,-58.8606621,-27.4726781
2023-05-11,13,1x1,B12,0.11503125,-58.8606621,-27.4726781
2023-05-11,13,3x3,B01,0.14269444444444443,-58.8606621,-27.4726781
2023-05-11,13,3x3,B02,0.1510111111111111,-58.8606621,-27.4726781
2023-05-11,13,3x3,B03,0.16441111111111112,-58.8606621,-27.4726781
2023-05-11,13,3x3,B04,0.1483,-58.8606621,-27.4726781
2023-05-11,13,3x3,B05,0.13958194444444444,-58.8606621,-27.4726781
2023-05-11,13,3x3,B06,0.12437777777777778,-58.8606621,-27.4726781
2023-05-11,13,3x3,B07,0.1261590277777778,-58.8606621,-27.4726781
2023-05-11,13,3x3,B08,0.1220222222222222,-58.8606621,-27.4726781
2023-05-11,13,3x3,B8A,0.12271388888888889,-58.8606621,-27.4726781
2023-05-11,13,3x3,B11,0.11597361111111112,-58.8606621,-27.4726781
2023-05-11,13,3x3,B12,0.11519305555555556,-58.8606621,-27.4726781
2023-05-11,14,1x1,B01,0.1420375,-58.8591202,-27.4733471
2023-05-11,14,1x1,B02,0.1525,-58.8591202,-27.4733471
2023-05-11,14,1x1,B03,0.164,-58.8591202,-27.4733471
2023-05-11,14,1x1,B04,0.1465,-58.8591202,-27.4733471
2023-05-11,14,1x1,B05,0.13893125,-58.8591202,-27.4733471
2023-05-11,14,1x1,B06,0.12348125,-58.8591202,-27.4733471
2023-05-11,14,1x1,B07,0.1259,-58.8591202,-27.4733471
2023-05-11,14,1x1,B08,0.1236,-58.8591202,-27.4733471
2023-05-11,14,1x1,B8A,0.12191875,-58.8591202,-27.4733471
2023-05-11,14,1x1,B11,0.1175,-58.8591202,-27.4733471
2023-05-11,14,1x1,B12,0.11661875,-58.8591202,-27.4733471
2023-05-11,14,3x3,B01,0.14206944444444444,-58.8591202,-27.4733471
2023-05-11,14,3x3,B02,0.1512777777777778,-58.8591202,-27.4733471
2023-05-11,14,3x3,B03,0.1640222222222222,-58.8591202,-27.4733471
2023-05-11,14,3x3,B04,0.1466777777777778,-58.8591202,-27.4733471
2023-05-11,14,3x3,B05,0.1388201388888889,-58.8591202,-27.4733471
2023-05-11,14,3x3,B06,0.12352986111111112,-58.8591202,-27.4733471
2023-05-11,14,3x3,B07,0.12599236111111112,-58.8591202,-27.4733471
2023-05-11,14,3x3,B08,0.12345555555555555,-58.8591202,-27.4733471
2023-05-11,14,3x3,B8A,0.1217638888888889,-58.8591202,-27.4733471
2023-05-11,14,3x3,B11,0.11763819444444444,-58.8591202,-27.4733471
2023-05-11,14,3x3,B12,0.11659791666666668,-58.8591202,-27.4733471
2023-05-11,15,1x1,B01,0.154075,-58.857019,-27.4740568
2023-05-11,15,1x1,B02,0.1584,-58.857019,-27.4740568
2023-05-11,15,1x1,B03,0.1691,-58.857019,-27.4740568
2023-05-11,15,1x1,B04,0.15310000000000001,-58.857019,-27.4740568
2023-05-11,15,1x1,B05,0.14765,-58.857019,-27.4740568
2023-05-11,15,1x1,B06,0.13218125,-58.857019,-27.4740568
2023-05-11,15,1x1,B07,0.13566875,-58.857019,-27.4740568
2023-05-11,15,1x1,B08,0.1335,-58.857019,-27.4740568
2023-05-11,15,1x1,B8A,0.129925,-58.857019,-27.4740568
2023-05-11,15,1x1,B11,0.13085625,-58.857019,-27.4740568
2023-05-11,15,1x1,B12,0.1281875,-58.857019,-27.4740568
2023-05-11,15,3x3,B01,0.15412361111111111,-58.857019,-27.4740568
2023-05-11,15,3x3,B02,0.15634444444444442,-58.857019,-27.4740568
2023-05-11,15,3x3,B03,0.16863333333333333,-58.857019,-27.4740568
2023-05-11,15,3x3,B04,0.1535,-58.857019,-27.4740568
2023-05-11,15,3x3,B05,0.1462013888888889,-58.857019,-27.4740568
2023-05-11,15,3x3,B06,0.1311673611111111,-58.857019,-27.4740568
2023-05-11,15,3x3,B07,0.13489444444444443,-58.857019,-27.4740568
2023-05-11,15,3x3,B08,0.134,-58.857019,-27.4740568
2023-05-11,15,3x3,B8A,0.1296576388888889,-58.857019,-27.4740568
2023-05-11,15,3x3,B11,0.13028402777777778,-58.857019,-27.4740568
2023-05-11,15,3x3,B12,0.12830555555555556,-58.857019,-27.4740568
2023-12-12,1,1x1,B01,0.2201375,-58.8682645,-27.4647485
2023-12-12,1,1x1,B02,0.2226,-58.8682645,-27.4647485
2023-12-12,1,1x1,B03,0.236,-58.8682645,-27.4647485
2023-12-12,1,1x1,B04,0.2566,-58.8682645,-27.4647485
2023-12-12,1,1x1,B05,0.25105,-58.8682645,-27.4647485
2023-12-12,1,1x1,B06,0.21051875,-58.8682645,-27.4647485
2023-12-12,1,1x1,B07,0.21271875,-58.8682645,-27.4647485
2023-12-12,1,1x1,B08,0.1998,-58.8682645,-27.4647485
2023-12-12,1,1x1,B8A,0.19670625,-58.8682645,-27.4647485
2023-12-12,1,1x1,B11,0.190525,-58.8682645,-27.4647485
2023-12-12,1,1x1,B12,0.1887,-58.8682645,-27.4647485
2023-12-12,1,3x3,B01,0.21971319444444443,-58.8682645,-27.4647485
2023-12-12,1,3x3,B02,0.21504444444444443,-58.8682645,-27.4647485
2023-12-12,1,3x3,B03,0.2342444444444444,-58.8682645,-27.4647485
2023-12-12,1,3x3,B04,0.2521555555555556,-58.8682645,-27.4647485
2023-12-12,1,3x3,B05,0.25042916666666665,-58.8682645,-27.4647485
2023-12-12,1,3x3,B06,0.2074277777777778,-58.8682645,-27.4647485
2023-12-12,1,3x3,B07,0.20969305555555556,-58.8682645,-27.4647485
2023-12-12,1,3x3,B08,0.1935222222222222,-58.8682645,-27.4647485
2023-12-12,1,3x3,B8A,0.1963673611111111,-58.8682645,-27.4647485
2023-12-12,1,3x3,B11,0.19144375,-58.8682645,-27.4647485
2023-12-12,1,3x3,B12,0.1881076388888889,-58.8682645,-27.4647485
2023-12-12,2,1x1,B01,0.190925,-58.8678045,-27.4658444
2023-12-12,2,1x1,B02,0.1974,-58.8678045,-27.4658444
2023-12-12,2,1x1,B03,0.226,-58.8678045,-27.4658444
2023-12-12,2,1x1,B04,0.2436,-58.8678045,-27.4658444
2023-12-12,2,1x1,B05,0.24575,-58.8678045,-27.4658444
2023-12-12,2,1x1,B06,0.19685625,-58.8678045,-27.4658444
2023-12-12,2,1x1,B07,0.199225,-58.8678045,-27.4658444
2023-12-12,2,1x1,B08,0.1826,-58.8678045,-27.4658444
2023-12-12,2,1x1,B8A,0.184,-58.8678045,-27.4658444
2023-12-12,2,1x1,B11,0.1736125,-58.8678045,-27.4658444
2023-12-12,2,1x1,B12,0.16809375,-58.8678045,-27.4658444
2023-12-12,2,3x3,B01,0.1909875,-58.8678045,-27.4658444
2023-12-12,2,3x3,B02,0.2028,-58.8678045,-27.4658444
2023-12-12,2,3x3,B03,0.23004444444444444,-58.8678045,-27.4658444
2023-12-12,2,3x3,B04,0.24557777777777776,-58.8678045,-27.4658444
2023-12-12,2,3x3,B05,0.2435569444444444,-58.8678045,-27.4658444
2023-12-12,2,3x3,B06,0.19469861111111111,-58.8678045,-27.4658444
2023-12-12,2,3x3,B07,0.1972951388888889,-58.8678045,-27.4658444
2023-12-12,2,3x3,B08,0.1833444444444444,-58.8678045,-27.4658444
2023-12-12,2,3x3,B8A,0.18200625,-58.8678045,-27.4658444
2023-12-12,2,3x3,B11,0.1723777777777778,-58.8678045,-27.4658444
2023-12-12,2,3x3,B12,0.16667083333333332,-58.8678045,-27.4658444
2023-12-12,3,1x1,B01,0.18653125,-58.8652232,-27.4664385
2023-12-12,3,1x1,B02,0.2114,-58.8652232,-27.4664385
2023-12-12,3,1x1,B03,0.2422,-58.8652232,-27.4664385
2023-12-12,3,1x1,B04,0.2512,-58.8652232,-27.4664385
2023-12-12,3,1x1,B05,0.2363625,-58.8652232,-27.4664385
2023-12-12,3,1x1,B06,0.18845625,-58.8652232,-27.4664385
2023-12-12,3,1x1,B07,0.18514375,-58.8652232,-27.4664385
2023-12-12,3,1x1,B08,0.1806,-58.8652232,-27.4664385
2023-12-12,3,1x1,B8A,0.174475,-58.8652232,-27.4664385
2023-12-12,3,1x1,B11,0.16598125,-58.8652232,-27.4664385
2023-12-12,3,1x1,B12,0.16169375,-58.8652232,-27.4664385
2023-12-12,3,3x3,B01,0.18627083333333333,-58.8652232,-27.4664385
2023-12-12,3,3x3,B02,0.20373333333333332,-58.8652232,-27.4664385
2023-12-12,3,3x3,B03,0.22767777777777776,-58.8652232,-27.4664385
2023-12-12,3,3x3,B04,0.24355555555555555,-58.8652232,-27.4664385
2023-12-12,3,3x3,B05,0.23542708333333337,-58.8652232,-27.4664385
2023-12-12,3,3x3,B06,0.18744375,-58.8652232,-27.4664385
2023-12-12,3,3x3,B07,0.18475972222222223,-58.8652232,-27.4664385
2023-12-12,3,3x3,B08,0.17615555555555557,-58.8652232,-27.4664385
2023-12-12,3,3x3,B8A,0.1745548611111111,-58.8652232,-27.4664385
2023-12-12,3,3x3,B11,0.16634513888888888,-58.8652232,-27.4664385
2023-12-12,3,3x3,B12,0.16143125,-58.8652232,-27.4664385
2023-12-12,4,1x1,B01,0.18284375,-58.8634207,-27.4679387
2023-12-12,4,1x1,B02,0.2212,-58.8634207,-27.4679387
2023-12-12,4,1x1,B03,0.25,-58.8634207,-27.4679387
2023-12-12,4,1x1,B04,0.26,-58.8634207,-27.4679387
2023-12-12,4,1x1,B05,0.24771875,-58.8634207,-27.4679387
2023-12-12,4,1x1,B06,0.196025,-58.8634207,-27.4679387
2023-12-12,4,1x1,B07,0.19543125,-58.8634207,-27.4679387
2023-12-12,4,1x1,B08,0.1832,-58.8634207,-27.4679387
2023-12-12,4,1x1,B8A,0.18335625,-58.8634207,-27.4679387
2023-12-12,4,1x1,B11,0.17473125,-58.8634207,-27.4679387
2023-12-12,4,1x1,B12,0.1704625,-58.8634207,-27.4679387
2023-12-12,4,3x3,B01,0.1827611111111111,-58.8634207,-27.4679387
2023-12-12,4,3x3,B02,0.21417777777777777,-58.8634207,-27.4679387
2023-12-12,4,3x3,B03,0.24766666666666665,-58.8634207,-27.4679387
2023-12-12,4,3x3,B04,0.25575555555555557,-58.8634207,-27.4679387
2023-12-12,4,3x3,B05,0.2456326388888889,-58.8634207,-27.4679387
2023-12-12,4,3x3,B06,0.19409375,-58.8634207,-27.4679387
2023-12-12,4,3x3,B07,0.19316875,-58.8634207,-27.4679387
2023-12-12,4,3x3,B08,0.1833555555555556,-58.8634207,-27.4679387
2023-12-12,4,3x3,B8A,0.18179305555555555,-58.8634207,-27.4679387
2023-12-12,4,3x3,B11,0.17311319444444442,-58.8634207,-27.4679387
2023-12-12,4,3x3,B12,0.16867291666666667,-58.8634207,-27.4679387
2023-12-12,5,1x1,B01,0.19188125,-58.8622547,-27.4690254
2023-12-12,5,1x1,B02,0.2252,-58.8622547,-27.4690254
2023-12-12,5,1x1,B03,0.2666,-58.8622547,-27.4690254
2023-12-12,5,1x1,B04,0.2668,-58.8622547,-27.4690254
2023-12-12,5,1x1,B05,0.25475,-58.8622547,-27.4690254
2023-12-12,5,1x1,B06,0.20744375,-58.8622547,-27.4690254
2023-12-12,5,1x1,B07,0.2077,-58.8622547,-27.4690254
2023-12-12,5,1x1,B08,0.1893,-58.8622547,-27.4690254
2023-12-12,5,1x1,B8A,0.19455,-58.8622547,-27.4690254
2023-12-12,5,1x1,B11,0.19126875,-58.8622547,-27.4690254
2023-12-12,5,1x1,B12,0.1836625,-58.8622547,-27.4690254
2023-12-12,5,3x3,B01,0.19160694444444443,-58.8622547,-27.4690254
2023-12-12,5,3x3,B02,0.22386666666666663,-58.8622547,-27.4690254
2023-12-12,5,3x3,B03,0.2622,-58.8622547,-27.4690254
2023-12-12,5,3x3,B04,0.26726666666666665,-58.8622547,-27.4690254
2023-12-12,5,3x3,B05,0.25593611111111114,-58.8622547,-27.4690254
2023-12-12,5,3x3,B06,0.20766458333333335,-58.8622547,-27.4690254
2023-12-12,5,3x3,B07,0.20779375,-58.8622547,-27.4690254
2023-12-12,5,3x3,B08,0.18906666666666663,-58.8622547,-27.4690254
2023-12-12,5,3x3,B8A,0.19579444444444444,-58.8622547,-27.4690254
2023-12-12,5,3x3,B11,0.19191458333333333,-58.8622547,-27.4690254
2023-12-12,5,3x3,B12,0.18396597222222225,-58.8622547,-27.4690254
2023-12-12,6,1x1,B01,0.203775,-58.8604727,-27.4707805
2023-12-12,6,1x1,B02,0.231,-58.8604727,-27.4707805
2023-12-12,6,1x1,B03,0.281,-58.8604727,-27.4707805
2023-12-12,6,1x1,B04,0.2778,-58.8604727,-27.4707805
2023-12-12,6,1x1,B05,0.251,-58.8604727,-27.4707805
2023-12-12,6,1x1,B06,0.20045,-58.8604727,-27.4707805
2023-12-12,6,1x1,B07,0.1972,-58.8604727,-27.4707805
2023-12-12,6,1x1,B08,0.1992,-58.8604727,-27.4707805
2023-12-12,6,1x1,B8A,0.18849375,-58.8604727,-27.4707805
2023-12-12,6,1x1,B11,0.1791125,-58.8604727,-27.4707805
2023-12-12,6,1x1,B12,0.1749125,-58.8604727,-27.4707805
2023-12-12,6,3x3,B01,0.2034416666666667,-58.8604727,-27.4707805
2023-12-12,6,3x3,B02,0.22404444444444443,-58.8604727,-27.4707805
2023-12-12,6,3x3,B03,0.2660666666666667,-58.8604727,-27.4707805
2023-12-12,6,3x3,B04,0.2691555555555556,-58.8604727,-27.4707805
2023-12-12,6,3x3,B05,0.2475659722222222,-58.8604727,-27.4707805
2023-12-12,6,3x3,B06,0.1968909722222222,-58.8604727,-27.4707805
2023-12-12,6,3x3,B07,0.19554930555555555,-58.8604727,-27.4707805
2023-12-12,6,3x3,B08,0.1864111111111111,-58.8604727,-27.4707805
2023-12-12,6,3x3,B8A,0.18598194444444444,-58.8604727,-27.4707805
2023-12-12,6,3x3,B11,0.1780027777777778,-58.8604727,-27.4707805
2023-12-12,6,3x3,B12,0.17314097222222222,-58.8604727,-27.4707805
2023-12-12,7,1x1,B01,0.19555625,-58.8589498,-27.4724654
2023-12-12,7,1x1,B02,0.2244,-58.8589498,-27.4724654
2023-12-12,7,1x1,B03,0.2648,-58.8589498,-27.4724654
2023-12-12,7,1x1,B04,0.2696,-58.8589498,-27.4724654
2023-12-12,7,1x1,B05,0.2525125,-58.8589498,-27.4724654
2023-12-12,7,1x1,B06,0.20170625,-58.8589498,-27.4724654
2023-12-12,7,1x1,B07,0.20233125,-58.8589498,-27.4724654
2023-12-12,7,1x1,B08,0.1892,-58.8589498,-27.4724654
2023-12-12,7,1x1,B8A,0.19358125,-58.8589498,-27.4724654
2023-12-12,7,1x1,B11,0.1908125,-58.8589498,-27.4724654
2023-12-12,7,1x1,B12,0.18169375,-58.8589498,-27.4724654
2023-12-12,7,3x3,B01,0.19557152777777775,-58.8589498,-27.4724654
2023-12-12,7,3x3,B02,0.22306666666666664,-58.8589498,-27.4724654
2023-12-12,7,3x3,B03,0.26751111111111114,-58.8589498,-27.4724654
2023-12-12,7,3x3,B04,0.2693111111111111,-58.8589498,-27.4724654
2023-12-12,7,3x3,B05,0.25299791666666666,-58.8589498,-27.4724654
2023-12-12,7,3x3,B06,0.20236458333333332,-58.8589498,-27.4724654
2023-12-12,7,3x3,B07,0.2030423611111111,-58.8589498,-27.4724654
2023-12-12,7,3x3,B08,0.1873,-58.8589498,-27.4724654
2023-12-12,7,3x3,B8A,0.19419583333333332,-58.8589498,-27.4724654
2023-12-12,7,3x3,B11,0.1912888888888889,-58.8589498,-27.4724654
2023-12-12,7,3x3,B12,0.1835263888888889,-58.8589498,-27.4724654
2023-12-12,8,1x1,B01,0.1636375,-58.8567404,-27.4734066
2023-12-12,8,1x1,B02,0.171,-58.8567404,-27.4734066
2023-12-12,8,1x1,B03,0.2082,-58.8567404,-27.4734066
2023-12-12,8,1x1,B04,0.2052,-58.8567404,-27.4734066
2023-12-12,8,1x1,B05,0.1793375,-58.8567404,-27.4734066
2023-12-12,8,1x1,B06,0.1382625,-58.8567404,-27.4734066
2023-12-12,8,1x1,B07,0.14045625,-58.8567404,-27.4734066
2023-12-12,8,1x1,B08,0.1402,-58.8567404,-27.4734066
2023-12-12,8,1x1,B8A,0.13664375,-58.8567404,-27.4734066
2023-12-12,8,1x1,B11,0.14295625,-58.8567404,-27.4734066
2023-12-12,8,1x1,B12,0.13868125,-58.8567404,-27.4734066
2023-12-12,8,3x3,B01,0.16387291666666667,-58.8567404,-27.4734066
2023-12-12,8,3x3,B02,0.1553,-58.8567404,-27.4734066
2023-12-12,8,3x3,B03,0.1895,-58.8567404,-27.4734066
2023-12-12,8,3x3,B04,0.1904,-58.8567404,-27.4734066
2023-12-12,8,3x3,B05,0.18016180555555555,-58.8567404,-27.4734066
2023-12-12,8,3x3,B06,0.14143819444444444,-58.8567404,-27.4734066
2023-12-12,8,3x3,B07,0.1432875,-58.8567404,-27.4734066
2023-12-12,8,3x3,B08,0.13184444444444443,-58.8567404,-27.4734066
2023-12-12,8,3x3,B8A,0.13786736111111111,-58.8567404,-27.4734066
2023-12-12,8,3x3,B11,0.14479375,-58.8567404,-27.4734066
2023-12-12,8,3x3,B12,0.14130208333333333,-58.8567404,-27.4734066
2024-05-20,1,1x1,B01,0.14544375,-58.8680573,-27.4644962
2024-05-20,1,1x1,B02,0.1464,-58.8680573,-27.4644962
2024-05-20,1,1x1,B03,0.1884,-58.8680573,-27.4644962
2024-05-20,1,1x1,B04,0.234,-58.8680573,-27.4644962
2024-05-20,1,1x1,B05,0.23685,-58.8680573,-27.4644962
2024-05-20,1,1x1,B06,0.1847125,-58.8680573,-27.4644962
2024-05-20,1,1x1,B07,0.18669375,-58.8680573,-27.4644962
2024-05-20,1,1x1,B08,0.1792,-58.8680573,-27.4644962
2024-05-20,1,1x1,B8A,0.15604375,-58.8680573,-27.4644962
2024-05-20,1,1x1,B11,0.11854375,-58.8680573,-27.4644962
2024-05-20,1,1x1,B12,0.1183625,-58.8680573,-27.4644962
2024-05-20,1,3x3,B01,0.1448090277777778,-58.8680573,-27.4644962
2024-05-20,1,3x3,B02,0.1473888888888889,-58.8680573,-27.4644962
2024-05-20,1,3x3,B03,0.1857222222222222,-58.8680573,-27.4644962
2024-05-20,1,3x3,B04,0.23257777777777777,-58.8680573,-27.4644962
2024-05-20,1,3x3,B05,0.24073055555555556,-58.8680573,-27.4644962
2024-05-20,1,3x3,B06,0.1894597222222222,-58.8680573,-27.4644962
2024-05-20,1,3x3,B07,0.19079236111111111,-58.8680573,-27.4644962
2024-05-20,1,3x3,B08,0.1766111111111111,-58.8680573,-27.4644962
2024-05-20,1,3x3,B8A,0.16129722222222223,-58.8680573,-27.4644962
2024-05-20,1,3x3,B11,0.12532222222222222,-58.8680573,-27.4644962
2024-05-20,1,3x3,B12,0.12477361111111113,-58.8680573,-27.4644962
2024-05-20,2,1x1,B01,0.1245125,-58.8669696,-27.4652135
2024-05-20,2,1x1,B02,0.1436,-58.8669696,-27.4652135
2024-05-20,2,1x1,B03,0.1836,-58.8669696,-27.4652135
2024-05-20,2,1x1,B04,0.2286,-58.8669696,-27.4652135
2024-05-20,2,1x1,B05,0.2354,-58.8669696,-27.4652135
2024-05-20,2,1x1,B06,0.18105625,-58.8669696,-27.4652135
2024-05-20,2,1x1,B07,0.18323125,-58.8669696,-27.4652135
2024-05-20,2,1x1,B08,0.1771,-58.8669696,-27.4652135
2024-05-20,2,1x1,B8A,0.15243125,-58.8669696,-27.4652135
2024-05-20,2,1x1,B11,0.1033125,-58.8669696,-27.4652135
2024-05-20,2,1x1,B12,0.10289375,-58.8669696,-27.4652135
2024-05-20,2,3x3,B01,0.12451319444444443,-58.8669696,-27.4652135
2024-05-20,2,3x3,B02,0.1444,-58.8669696,-27.4652135
2024-05-20,2,3x3,B03,0.18352222222222225,-58.8669696,-27.4652135
2024-05-20,2,3x3,B04,0.22911111111111113,-58.8669696,-27.4652135
2024-05-20,2,3x3,B05,0.2353125,-58.8669696,-27.4652135
2024-05-20,2,3x3,B06,0.18065694444444444,-58.8669696,-27.4652135
2024-05-20,2,3x3,B07,0.18323541666666668,-58.8669696,-27.4652135
2024-05-20,2,3x3,B08,0.17605555555555558,-58.8669696,-27.4652135
2024-05-20,2,3x3,B8A,0.15210069444444443,-58.8669696,-27.4652135
2024-05-20,2,3x3,B11,0.10321597222222222,-58.8669696,-27.4652135
2024-05-20,2,3x3,B12,0.10271666666666668,-58.8669696,-27.4652135
2024-05-20,3,1x1,B01,0.122725,-58.8655555,-27.4662499
2024-05-20,3,1x1,B02,0.1458,-58.8655555,-27.4662499
2024-05-20,3,1x1,B03,0.1855,-58.8655555,-27.4662499
2024-05-20,3,1x1,B04,0.2258,-58.8655555,-27.4662499
2024-05-20,3,1x1,B05,0.22674375,-58.8655555,-27.4662499
2024-05-20,3,1x1,B06,0.17405,-58.8655555,-27.4662499
2024-05-20,3,1x1,B07,0.1751625,-58.8655555,-27.4662499
2024-05-20,3,1x1,B08,0.1646,-58.8655555,-27.4662499
2024-05-20,3,1x1,B8A,0.1448,-58.8655555,-27.4662499
2024-05-20,3,1x1,B11,0.10079375,-58.8655555,-27.4662499
2024-05-20,3,1x1,B12,0.1015625,-58.8655555,-27.4662499
2024-05-20,3,3x3,B01,0.12270347222222222,-58.8655555,-27.4662499
2024-05-20,3,3x3,B02,0.14493333333333333,-58.8655555,-27.4662499
2024-05-20,3,3x3,B03,0.1834777777777778,-58.8655555,-27.4662499
2024-05-20,3,3x3,B04,0.22448888888888888,-58.8655555,-27.4662499
2024-05-20,3,3x3,B05,0.22700138888888888,-58.8655555,-27.4662499
2024-05-20,3,3x3,B06,0.1735986111111111,-58.8655555,-27.4662499
2024-05-20,3,3x3,B07,0.1746861111111111,-58.8655555,-27.4662499
2024-05-20,3,3x3,B08,0.16463333333333333,-58.8655555,-27.4662499
2024-05-20,3,3x3,B8A,0.14457708333333333,-58.8655555,-27.4662499
2024-05-20,3,3x3,B11,0.10070833333333332,-58.8655555,-27.4662499
2024-05-20,3,3x3,B12,0.10163611111111112,-58.8655555,-27.4662499
2024-05-20,4,1x1,B01,0.1172375,-58.8642187,-27.4673687
2024-05-20,4,1x1,B02,0.1398,-58.8642187,-27.4673687
2024-05-20,4,1x1,B03,0.1777,-58.8642187,-27.4673687
2024-05-20,4,1x1,B04,0.218,-58.8642187,-27.4673687
2024-05-20,4,1x1,B05,0.2136375,-58.8642187,-27.4673687
2024-05-20,4,1x1,B06,0.15828125,-58.8642187,-27.4673687
2024-05-20,4,1x1,B07,0.15986875,-58.8642187,-27.4673687
2024-05-20,4,1x1,B08,0.1518,-58.8642187,-27.4673687
2024-05-20,4,1x1,B8A,0.1342,-58.8642187,-27.4673687
2024-05-20,4,1x1,B11,0.1014375,-58.8642187,-27.4673687
2024-05-20,4,1x1,B12,0.1014875,-58.8642187,-27.4673687
2024-05-20,4,3x3,B01,0.11746875,-58.8642187,-27.4673687
2024-05-20,4,3x3,B02,0.13977777777777778,-58.8642187,-27.4673687
2024-05-20,4,3x3,B03,0.17887777777777775,-58.8642187,-27.4673687
2024-05-20,4,3x3,B04,0.21608888888888889,-58.8642187,-27.4673687
2024-05-20,4,3x3,B05,0.21056597222222223,-58.8642187,-27.4673687
2024-05-20,4,3x3,B06,0.15662083333333332,-58.8642187,-27.4673687
2024-05-20,4,3x3,B07,0.15843125,-58.8642187,-27.4673687
2024-05-20,4,3x3,B08,0.1516,-58.8642187,-27.4673687
2024-05-20,4,3x3,B8A,0.13295347222222223,-58.8642187,-27.4673687
2024-05-20,4,3x3,B11,0.10139722222222222,-58.8642187,-27.4673687
2024-05-20,4,3x3,B12,0.10161041666666666,-58.8642187,-27.4673687
2024-05-20,5,1x1,B01,0.1215125,-58.8628216,-27.4692696
2024-05-20,5,1x1,B02,0.1414,-58.8628216,-27.4692696
2024-05-20,5,1x1,B03,0.178,-58.8628216,-27.4692696
2024-05-20,5,1x1,B04,0.2092,-58.8628216,-27.4692696
2024-05-20,5,1x1,B05,0.205,-58.8628216,-27.4692696
2024-05-20,5,1x1,B06,0.1475875,-58.8628216,-27.4692696
2024-05-20,5,1x1,B07,0.14721875,-58.8628216,-27.4692696
2024-05-20,5,1x1,B08,0.141,-58.8628216,-27.4692696
2024-05-20,5,1x1,B8A,0.12536875,-58.8628216,-27.4692696
2024-05-20,5,1x1,B11,0.10060625,-58.8628216,-27.4692696
2024-05-20,5,1x1,B12,0.10188125,-58.8628216,-27.4692696
2024-05-20,5,3x3,B01,0.12141041666666667,-58.8628216,-27.4692696
2024-05-20,5,3x3,B02,0.1394,-58.8628216,-27.4692696
2024-05-20,5,3x3,B03,0.17728888888888888,-58.8628216,-27.4692696
2024-05-20,5,3x3,B04,0.20953333333333335,-58.8628216,-27.4692696
2024-05-20,5,3x3,B05,0.20513125,-58.8628216,-27.4692696
2024-05-20,5,3x3,B06,0.14751944444444445,-58.8628216,-27.4692696
2024-05-20,5,3x3,B07,0.1475875,-58.8628216,-27.4692696
2024-05-20,5,3x3,B08,0.1408222222222222,-58.8628216,-27.4692696
2024-05-20,5,3x3,B8A,0.12520347222222222,-58.8628216,-27.4692696
2024-05-20,5,3x3,B11,0.1007923611111111,-58.8628216,-27.4692696
2024-05-20,5,3x3,B12,0.10175416666666666,-58.8628216,-27.4692696
2024-05-20,6,1x1,B01,0.1187125,-58.8615767,-27.4704693
2024-05-20,6,1x1,B02,0.1357,-58.8615767,-27.4704693
2024-05-20,6,1x1,B03,0.1739,-58.8615767,-27.4704693
2024-05-20,6,1x1,B04,0.2046,-58.8615767,-27.4704693
2024-05-20,6,1x1,B05,0.1920625,-58.8615767,-27.4704693
2024-05-20,6,1x1,B06,0.1370875,-58.8615767,-27.4704693
2024-05-20,6,1x1,B07,0.13664375,-58.8615767,-27.4704693
2024-05-20,6,1x1,B08,0.1321,-58.8615767,-27.4704693
2024-05-20,6,1x1,B8A,0.1219625,-58.8615767,-27.4704693
2024-05-20,6,1x1,B11,0.1014,-58.8615767,-27.4704693
2024-05-20,6,1x1,B12,0.1015375,-58.8615767,-27.4704693
2024-05-20,6,3x3,B01,0.11856875,-58.8615767,-27.4704693
2024-05-20,6,3x3,B02,0.13462222222222223,-58.8615767,-27.4704693
2024-05-20,6,3x3,B03,0.1718111111111111,-58.8615767,-27.4704693
2024-05-20,6,3x3,B04,0.19821111111111112,-58.8615767,-27.4704693
2024-05-20,6,3x3,B05,0.19058680555555557,-58.8615767,-27.4704693
2024-05-20,6,3x3,B06,0.1365236111111111,-58.8615767,-27.4704693
2024-05-20,6,3x3,B07,0.13659791666666668,-58.8615767,-27.4704693
2024-05-20,6,3x3,B08,0.13174444444444444,-58.8615767,-27.4704693
2024-05-20,6,3x3,B8A,0.1211125,-58.8615767,-27.4704693
2024-05-20,6,3x3,B11,0.1017138888888889,-58.8615767,-27.4704693
2024-05-20,6,3x3,B12,0.10154652777777778,-58.8615767,-27.4704693
2024-05-20,7,1x1,B01,0.1168375,-58.8598219,-27.4721863
2024-05-20,7,1x1,B02,0.134,-58.8598219,-27.4721863
2024-05-20,7,1x1,B03,0.1716,-58.8598219,-27.4721863
2024-05-20,7,1x1,B04,0.1933,-58.8598219,-27.4721863
2024-05-20,7,1x1,B05,0.18113125,-58.8598219,-27.4721863
2024-05-20,7,1x1,B06,0.12800625,-58.8598219,-27.4721863
2024-05-20,7,1x1,B07,0.1286,-58.8598219,-27.4721863
2024-05-20,7,1x1,B08,0.1234,-58.8598219,-27.4721863
2024-05-20,7,1x1,B8A,0.11374375,-58.8598219,-27.4721863
2024-05-20,7,1x1,B11,0.1011375,-58.8598219,-27.4721863
2024-05-20,7,1x1,B12,0.1026,-58.8598219,-27.4721863
2024-05-20,7,3x3,B01,0.11680416666666668,-58.8598219,-27.4721863
2024-05-20,7,3x3,B02,0.13412222222222225,-58.8598219,-27.4721863
2024-05-20,7,3x3,B03,0.17214444444444443,-58.8598219,-27.4721863
2024-05-20,7,3x3,B04,0.1943111111111111,-58.8598219,-27.4721863
2024-05-20,7,3x3,B05,0.1808298611111111,-58.8598219,-27.4721863
2024-05-20,7,3x3,B06,0.1277222222222222,-58.8598219,-27.4721863
2024-05-20,7,3x3,B07,0.1279875,-58.8598219,-27.4721863
2024-05-20,7,3x3,B08,0.1239222222222222,-58.8598219,-27.4721863
2024-05-20,7,3x3,B8A,0.1137888888888889,-58.8598219,-27.4721863
2024-05-20,7,3x3,B11,0.10126666666666666,-58.8598219,-27.4721863
2024-05-20,7,3x3,B12,0.10236944444444444,-58.8598219,-27.4721863
2024-05-20,8,1x1,B01,0.11510625,-58.8579279,-27.4732325
2024-05-20,8,1x1,B02,0.1294,-58.8579279,-27.4732325
2024-05-20,8,1x1,B03,0.1714,-58.8579279,-27.4732325
2024-05-20,8,1x1,B04,0.1843,-58.8579279,-27.4732325
2024-05-20,8,1x1,B05,0.1708125,-58.8579279,-27.4732325
2024-05-20,8,1x1,B06,0.12190625,-58.8579279,-27.4732325
2024-05-20,8,1x1,B07,0.1229,-58.8579279,-27.4732325
2024-05-20,8,1x1,B08,0.1182,-58.8579279,-27.4732325
2024-05-20,8,1x1,B8A,0.10921875,-58.8579279,-27.4732325
2024-05-20,8,1x1,B11,0.1023,-58.8579279,-27.4732325
2024-05-20,8,1x1,B12,0.10343125,-58.8579279,-27.4732325
2024-05-20,8,3x3,B01,0.1149576388888889,-58.8579279,-27.4732325
2024-05-20,8,3x3,B02,0.1321111111111111,-58.8579279,-27.4732325
2024-05-20,8,3x3,B03,0.17097777777777778,-58.8579279,-27.4732325
2024-05-20,8,3x3,B04,0.1850111111111111,-58.8579279,-27.4732325
2024-05-20,8,3x3,B05,0.170975,-58.8579279,-27.4732325
2024-05-20,8,3x3,B06,0.1219,-58.8579279,-27.4732325
2024-05-20,8,3x3,B07,0.12285972222222222,-58.8579279,-27.4732325
2024-05-20,8,3x3,B08,0.11788888888888888,-58.8579279,-27.4732325
2024-05-20,8,3x3,B8A,0.10917361111111112,-58.8579279,-27.4732325
2024-05-20,8,3x3,B11,0.10222777777777778,-58.8579279,-27.4732325
2024-05-20,8,3x3,B12,0.10338819444444444,-58.8579279,-27.4732325
2024-05-30,1,1x1,B01,0.1218,-58.8688526,-27.4651438
2024-05-30,1,1x1,B02,0.1468,-58.8688526,-27.4651438
2024-05-30,1,1x1,B03,0.185,-58.8688526,-27.4651438
2024-05-30,1,1x1,B04,0.2276,-58.8688526,-27.4651438
2024-05-30,1,1x1,B05,0.2333,-58.8688526,-27.4651438
2024-05-30,1,1x1,B06,0.1768,-58.8688526,-27.4651438
2024-05-30,1,1x1,B07,0.1771,-58.8688526,-27.4651438
2024-05-30,1,1x1,B08,0.1703,-58.8688526,-27.4651438
2024-05-30,1,1x1,B8A,0.149,-58.8688526,-27.4651438
2024-05-30,1,1x1,B11,0.1051,-58.8688526,-27.4651438
2024-05-30,1,1x1,B12,0.1041,-58.8688526,-27.4651438
2024-05-30,1,3x3,B01,0.12215555555555556,-58.8688526,-27.4651438
2024-05-30,1,3x3,B02,0.1446,-58.8688526,-27.4651438
2024-05-30,1,3x3,B03,0.18404444444444443,-58.8688526,-27.4651438
2024-05-30,1,3x3,B04,0.22762222222222225,-58.8688526,-27.4651438
2024-05-30,1,3x3,B05,0.23311111111111113,-58.8688526,-27.4651438
2024-05-30,1,3x3,B06,0.17692222222222223,-58.8688526,-27.4651438
2024-05-30,1,3x3,B07,0.1772111111111111,-58.8688526,-27.4651438
2024-05-30,1,3x3,B08,0.16896666666666668,-58.8688526,-27.4651438
2024-05-30,1,3x3,B8A,0.1487888888888889,-58.8688526,-27.4651438
2024-05-30,1,3x3,B11,0.10525555555555556,-58.8688526,-27.4651438
2024-05-30,1,3x3,B12,0.10445555555555557,-58.8688526,-27.4651438
2024-05-30,2,1x1,B01,0.1246,-58.866683,-27.4656234
2024-05-30,2,1x1,B02,0.1442,-58.866683,-27.4656234
2024-05-30,2,1x1,B03,0.1835,-58.866683,-27.4656234
2024-05-30,2,1x1,B04,0.2256,-58.866683,-27.4656234
2024-05-30,2,1x1,B05,0.2321,-58.866683,-27.4656234
2024-05-30,2,1x1,B06,0.175,-58.866683,-27.4656234
2024-05-30,2,1x1,B07,0.1769,-58.866683,-27.4656234
2024-05-30,2,1x1,B08,0.165,-58.866683,-27.4656234
2024-05-30,2,1x1,B8A,0.142,-58.866683,-27.4656234
2024-05-30,2,1x1,B11,0.102,-58.866683,-27.4656234
2024-05-30,2,1x1,B12,0.1026,-58.866683,-27.4656234
2024-05-30,2,3x3,B01,0.12458888888888887,-58.866683,-27.4656234
2024-05-30,2,3x3,B02,0.14487777777777777,-58.866683,-27.4656234
2024-05-30,2,3x3,B03,0.1836222222222222,-58.866683,-27.4656234
2024-05-30,2,3x3,B04,0.22662222222222225,-58.866683,-27.4656234
2024-05-30,2,3x3,B05,0.23211111111111113,-58.866683,-27.4656234
2024-05-30,2,3x3,B06,0.1748222222222222,-58.866683,-27.4656234
2024-05-30,2,3x3,B07,0.1766111111111111,-58.866683,-27.4656234
2024-05-30,2,3x3,B08,0.16512222222222225,-58.866683,-27.4656234
2024-05-30,2,3x3,B8A,0.14235555555555557,-58.866683,-27.4656234
2024-05-30,2,3x3,B11,0.10188888888888888,-58.866683,-27.4656234
2024-05-30,2,3x3,B12,0.10235555555555556,-58.866683,-27.4656234
2024-05-30,3,1x1,B01,0.1247,-58.8652638,-27.4674984
2024-05-30,3,1x1,B02,0.14,-58.8652638,-27.4674984
2024-05-30,3,1x1,B03,0.1819,-58.8652638,-27.4674984
2024-05-30,3,1x1,B04,0.218,-58.8652638,-27.4674984
2024-05-30,3,1x1,B05,0.2175,-58.8652638,-27.4674984
2024-05-30,3,1x1,B06,0.1575,-58.8652638,-27.4674984
2024-05-30,3,1x1,B07,0.1561,-58.8652638,-27.4674984
2024-05-30,3,1x1,B08,0.1463,-58.8652638,-27.4674984
2024-05-30,3,1x1,B8A,0.1297,-58.8652638,-27.4674984
2024-05-30,3,1x1,B11,0.0998,-58.8652638,-27.4674984
2024-05-30,3,1x1,B12,0.1006,-58.8652638,-27.4674984
2024-05-30,3,3x3,B01,0.12465555555555556,-58.8652638,-27.4674984
2024-05-30,3,3x3,B02,0.14152222222222222,-58.8652638,-27.4674984
2024-05-30,3,3x3,B03,0.1817777777777778,-58.8652638,-27.4674984
2024-05-30,3,3x3,B04,0.21697777777777777,-58.8652638,-27.4674984
2024-05-30,3,3x3,B05,0.21731111111111112,-58.8652638,-27.4674984
2024-05-30,3,3x3,B06,0.15703333333333333,-58.8652638,-27.4674984
2024-05-30,3,3x3,B07,0.1560777777777778,-58.8652638,-27.4674984
2024-05-30,3,3x3,B08,0.14657777777777778,-58.8652638,-27.4674984
2024-05-30,3,3x3,B8A,0.1297,-58.8652638,-27.4674984
2024-05-30,3,3x3,B11,0.0999,-58.8652638,-27.4674984
2024-05-30,3,3x3,B12,0.10066666666666668,-58.8652638,-27.4674984
2024-05-30,4,1x1,B01,0.1239,-58.8635679,-27.4698467
2024-05-30,4,1x1,B02,0.1417,-58.8635679,-27.4698467
2024-05-30,4,1x1,B03,0.1802,-58.8635679,-27.4698467
2024-05-30,4,1x1,B04,0.2052,-58.8635679,-27.4698467
2024-05-30,4,1x1,B05,0.1957,-58.8635679,-27.4698467
2024-05-30,4,1x1,B06,0.1358,-58.8635679,-27.4698467
2024-05-30,4,1x1,B07,0.1368,-58.8635679,-27.4698467
2024-05-30,4,1x1,B08,0.1294,-58.8635679,-27.4698467
2024-05-30,4,1x1,B8A,0.117,-58.8635679,-27.4698467
2024-05-30,4,1x1,B11,0.1003,-58.8635679,-27.4698467
2024-05-30,4,1x1,B12,0.1009,-58.8635679,-27.4698467
2024-05-30,4,3x3,B01,0.12381111111111112,-58.8635679,-27.4698467
2024-05-30,4,3x3,B02,0.13984444444444444,-58.8635679,-27.4698467
2024-05-30,4,3x3,B03,0.1797111111111111,-58.8635679,-27.4698467
2024-05-30,4,3x3,B04,0.20564444444444444,-58.8635679,-27.4698467
2024-05-30,4,3x3,B05,0.1957111111111111,-58.8635679,-27.4698467
2024-05-30,4,3x3,B06,0.13577777777777778,-58.8635679,-27.4698467
2024-05-30,4,3x3,B07,0.13672222222222222,-58.8635679,-27.4698467
2024-05-30,4,3x3,B08,0.12946666666666667,-58.8635679,-27.4698467
2024-05-30,4,3x3,B8A,0.1168777777777778,-58.8635679,-27.4698467
2024-05-30,4,3x3,B11,0.10042222222222222,-58.8635679,-27.4698467
2024-05-30,4,3x3,B12,0.10093333333333332,-58.8635679,-27.4698467
2024-05-30,5,1x1,B01,0.1219,-58.8624132,-27.4708793
2024-05-30,5,1x1,B02,0.1407,-58.8624132,-27.4708793
2024-05-30,5,1x1,B03,0.1792,-58.8624132,-27.4708793
2024-05-30,5,1x1,B04,0.1988,-58.8624132,-27.4708793
2024-05-30,5,1x1,B05,0.1854,-58.8624132,-27.4708793
2024-05-30,5,1x1,B06,0.1303,-58.8624132,-27.4708793
2024-05-30,5,1x1,B07,0.1282,-58.8624132,-27.4708793
2024-05-30,5,1x1,B08,0.1244,-58.8624132,-27.4708793
2024-05-30,5,1x1,B8A,0.1135,-58.8624132,-27.4708793
2024-05-30,5,1x1,B11,0.1008,-58.8624132,-27.4708793
2024-05-30,5,1x1,B12,0.1013,-58.8624132,-27.4708793
2024-05-30,5,3x3,B01,0.12186666666666668,-58.8624132,-27.4708793
2024-05-30,5,3x3,B02,0.1403888888888889,-58.8624132,-27.4708793
2024-05-30,5,3x3,B03,0.17931111111111112,-58.8624132,-27.4708793
2024-05-30,5,3x3,B04,0.1995111111111111,-58.8624132,-27.4708793
2024-05-30,5,3x3,B05,0.1854222222222222,-58.8624132,-27.4708793
2024-05-30,5,3x3,B06,0.13034444444444443,-58.8624132,-27.4708793
2024-05-30,5,3x3,B07,0.12823333333333334,-58.8624132,-27.4708793
2024-05-30,5,3x3,B08,0.1239,-58.8624132,-27.4708793
2024-05-30,5,3x3,B8A,0.11362222222222222,-58.8624132,-27.4708793
2024-05-30,5,3x3,B11,0.10076666666666666,-58.8624132,-27.4708793
2024-05-30,5,3x3,B12,0.10124444444444444,-58.8624132,-27.4708793
2024-05-30,6,1x1,B01,0.1197,-58.8606735,-27.4730282
2024-05-30,6,1x1,B02,0.137,-58.8606735,-27.4730282
2024-05-30,6,1x1,B03,0.1777,-58.8606735,-27.4730282
2024-05-30,6,1x1,B04,0.1908,-58.8606735,-27.4730282
2024-05-30,6,1x1,B05,0.1721,-58.8606735,-27.4730282
2024-05-30,6,1x1,B06,0.1227,-58.8606735,-27.4730282
2024-05-30,6,1x1,B07,0.1205,-58.8606735,-27.4730282
2024-05-30,6,1x1,B08,0.1169,-58.8606735,-27.4730282
2024-05-30,6,1x1,B8A,0.1102,-58.8606735,-27.4730282
2024-05-30,6,1x1,B11,0.1004,-58.8606735,-27.4730282
2024-05-30,6,1x1,B12,0.1013,-58.8606735,-27.4730282
2024-05-30,6,3x3,B01,0.11966666666666669,-58.8606735,-27.4730282
2024-05-30,6,3x3,B02,0.13694444444444442,-58.8606735,-27.4730282
2024-05-30,6,3x3,B03,0.17775555555555556,-58.8606735,-27.4730282
2024-05-30,6,3x3,B04,0.19085555555555556,-58.8606735,-27.4730282
2024-05-30,6,3x3,B05,0.17205555555555557,-58.8606735,-27.4730282
2024-05-30,6,3x3,B06,0.1227,-58.8606735,-27.4730282
2024-05-30,6,3x3,B07,0.12032222222222222,-58.8606735,-27.4730282
2024-05-30,6,3x3,B08,0.11674444444444444,-58.8606735,-27.4730282
2024-05-30,6,3x3,B8A,0.11018888888888888,-58.8606735,-27.4730282
2024-05-30,6,3x3,B11,0.10033333333333334,-58.8606735,-27.4730282
2024-05-30,6,3x3,B12,0.10128888888888889,-58.8606735,-27.4730282
2024-05-30,7,1x1,B01,0.1204,-58.8593196,-27.473469
2024-05-30,7,1x1,B02,0.1353,-58.8593196,-27.473469
2024-05-30,7,1x1,B03,0.1768,-58.8593196,-27.473469
2024-05-30,7,1x1,B04,0.1836,-58.8593196,-27.473469
2024-05-30,7,1x1,B05,0.1657,-58.8593196,-27.473469
2024-05-30,7,1x1,B06,0.1176,-58.8593196,-27.473469
2024-05-30,7,1x1,B07,0.1168,-58.8593196,-27.473469
2024-05-30,7,1x1,B08,0.1142,-58.8593196,-27.473469
2024-05-30,7,1x1,B8A,0.1064,-58.8593196,-27.473469
2024-05-30,7,1x1,B11,0.1012,-58.8593196,-27.473469
2024-05-30,7,1x1,B12,0.1007,-58.8593196,-27.473469
2024-05-30,7,3x3,B01,0.12036666666666668,-58.8593196,-27.473469
2024-05-30,7,3x3,B02,0.1362,-58.8593196,-27.473469
2024-05-30,7,3x3,B03,0.1766777777777778,-58.8593196,-27.473469
2024-05-30,7,3x3,B04,0.18493333333333337,-58.8593196,-27.473469
2024-05-30,7,3x3,B05,0.16573333333333332,-58.8593196,-27.473469
2024-05-30,7,3x3,B06,0.1177222222222222,-58.8593196,-27.473469
2024-05-30,7,3x3,B07,0.11667777777777778,-58.8593196,-27.473469
2024-05-30,7,3x3,B08,0.11417777777777778,-58.8593196,-27.473469
2024-05-30,7,3x3,B8A,0.10653333333333331,-58.8593196,-27.473469
2024-05-30,7,3x3,B11,0.10126666666666666,-58.8593196,-27.473469
2024-05-30,7,3x3,B12,0.10101111111111112,-58.8593196,-27.473469
2024-05-30,8,1x1,B01,0.1133,-58.8576185,-27.4742076
2024-05-30,8,1x1,B02,0.1375,-58.8576185,-27.4742076
2024-05-30,8,1x1,B03,0.1754,-58.8576185,-27.4742076
2024-05-30,8,1x1,B04,0.1817,-58.8576185,-27.4742076
2024-05-30,8,1x1,B05,0.1594,-58.8576185,-27.4742076
2024-05-30,8,1x1,B06,0.1173,-58.8576185,-27.4742076
2024-05-30,8,1x1,B07,0.1164,-58.8576185,-27.4742076
2024-05-30,8,1x1,B08,0.1136,-58.8576185,-27.4742076
2024-05-30,8,1x1,B8A,0.1071,-58.8576185,-27.4742076
2024-05-30,8,1x1,B11,0.1037,-58.8576185,-27.4742076
2024-05-30,8,1x1,B12,0.1031,-58.8576185,-27.4742076
2024-05-30,8,3x3,B01,0.1137888888888889,-58.8576185,-27.4742076
2024-05-30,8,3x3,B02,0.13525555555555557,-58.8576185,-27.4742076
2024-05-30,8,3x3,B03,0.17614444444444444,-58.8576185,-27.4742076
2024-05-30,8,3x3,B04,0.18152222222222225,-58.8576185,-27.4742076
2024-05-30,8,3x3,B05,0.15961111111111112,-58.8576185,-27.4742076
2024-05-30,8,3x3,B06,0.11715555555555555,-58.8576185,-27.4742076
2024-05-30,8,3x3,B07,0.11586666666666667,-58.8576185,-27.4742076
2024-05-30,8,3x3,B08,0.11292222222222222,-58.8576185,-27.4742076
2024-05-30,8,3x3,B8A,0.10654444444444444,-58.8576185,-27.4742076
2024-05-30,8,3x3,B11,0.10356666666666668,-58.8576185,-27.4742076
2024-05-30,8,3x3,B12,0.10318888888888889,-58.8576185,-27.4742076
2024-12-16,1,1x1,B01,0.28375625,-58.868234,-27.4644894
2024-12-16,1,1x1,B02,0.2794,-58.868234,-27.4644894
2024-12-16,1,1x1,B03,0.3302,-58.868234,-27.4644894
2024-12-16,1,1x1,B04,0.4076,-58.868234,-27.4644894
2024-12-16,1,1x1,B05,0.48711875,-58.868234,-27.4644894
2024-12-16,1,1x1,B06,0.37824375,-58.868234,-27.4644894
2024-12-16,1,1x1,B07,0.400175,-58.868234,-27.4644894
2024-12-16,1,1x1,B08,0.3138,-58.868234,-27.4644894
2024-12-16,1,1x1,B8A,0.3515625,-58.868234,-27.4644894
2024-12-16,1,1x1,B11,0.28781875,-58.868234,-27.4644894
2024-12-16,1,1x1,B12,0.29410625,-58.868234,-27.4644894
2024-12-16,1,3x3,B01,0.28012152777777777,-58.868234,-27.4644894
2024-12-16,1,3x3,B02,0.29315555555555556,-58.868234,-27.4644894
2024-12-16,1,3x3,B03,0.36662222222222224,-58.868234,-27.4644894
2024-12-16,1,3x3,B04,0.4303333333333333,-58.868234,-27.4644894
2024-12-16,1,3x3,B05,0.4733826388888889,-58.868234,-27.4644894
2024-12-16,1,3x3,B06,0.3784472222222222,-58.868234,-27.4644894
2024-12-16,1,3x3,B07,0.39157430555555556,-58.868234,-27.4644894
2024-12-16,1,3x3,B08,0.3363555555555556,-58.868234,-27.4644894
2024-12-16,1,3x3,B8A,0.3450722222222222,-58.868234,-27.4644894
2024-12-16,1,3x3,B11,0.28015208333333336,-58.868234,-27.4644894
2024-12-16,1,3x3,B12,0.2872534722222222,-58.868234,-27.4644894
2024-12-16,2,1x1,B01,0.21804375,-58.8676694,-27.4653045
2024-12-16,2,1x1,B02,0.2464,-58.8676694,-27.4653045
2024-12-16,2,1x1,B03,0.3122,-58.8676694,-27.4653045
2024-12-16,2,1x1,B04,0.3766,-58.8676694,-27.4653045
2024-12-16,2,1x1,B05,0.387625,-58.8676694,-27.4653045
2024-12-16,2,1x1,B06,0.292725,-58.8676694,-27.4653045
2024-12-16,2,1x1,B07,0.2968875,-58.8676694,-27.4653045
2024-12-16,2,1x1,B08,0.2746,-58.8676694,-27.4653045
2024-12-16,2,1x1,B8A,0.24615,-58.8676694,-27.4653045
2024-12-16,2,1x1,B11,0.14869375,-58.8676694,-27.4653045
2024-12-16,2,1x1,B12,0.14278125,-58.8676694,-27.4653045
2024-12-16,2,3x3,B01,0.21796458333333335,-58.8676694,-27.4653045
2024-12-16,2,3x3,B02,0.24731111111111112,-58.8676694,-27.4653045
2024-12-16,2,3x3,B03,0.31108888888888886,-58.8676694,-27.4653045
2024-12-16,2,3x3,B04,0.375,-58.8676694,-27.4653045
2024-12-16,2,3x3,B05,0.3867451388888889,-58.8676694,-27.4653045
2024-12-16,2,3x3,B06,0.29333333333333333,-58.8676694,-27.4653045
2024-12-16,2,3x3,B07,0.29765694444444446,-58.8676694,-27.4653045
2024-12-16,2,3x3,B08,0.2750222222222222,-58.8676694,-27.4653045
2024-12-16,2,3x3,B8A,0.24618333333333334,-58.8676694,-27.4653045
2024-12-16,2,3x3,B11,0.14857708333333333,-58.8676694,-27.4653045
2024-12-16,2,3x3,B12,0.14302361111111112,-58.8676694,-27.4653045
2024-12-16,3,1x1,B01,0.21228125,-58.8663692,-27.4661351
2024-12-16,3,1x1,B02,0.2488,-58.8663692,-27.4661351
2024-12-16,3,1x1,B03,0.3098,-58.8663692,-27.4661351
2024-12-16,3,1x1,B04,0.3632,-58.8663692,-27.4661351
2024-12-16,3,1x1,B05,0.37523125,-58.8663692,-27.4661351
2024-12-16,3,1x1,B06,0.2745375,-58.8663692,-27.4661351
2024-12-16,3,1x1,B07,0.28005625,-58.8663692,-27.4661351
2024-12-16,3,1x1,B08,0.254,-58.8663692,-27.4661351
2024-12-16,3,1x1,B8A,0.226125,-58.8663692,-27.4661351
2024-12-16,3,1x1,B11,0.15173125,-58.8663692,-27.4661351
2024-12-16,3,1x1,B12,0.1470875,-58.8663692,-27.4661351
2024-12-16,3,3x3,B01,0.21233819444444443,-58.8663692,-27.4661351
2024-12-16,3,3x3,B02,0.24608888888888886,-58.8663692,-27.4661351
2024-12-16,3,3x3,B03,0.30906666666666666,-58.8663692,-27.4661351
2024-12-16,3,3x3,B04,0.3640222222222222,-58.8663692,-27.4661351
2024-12-16,3,3x3,B05,0.37245,-58.8663692,-27.4661351
2024-12-16,3,3x3,B06,0.2726340277777778,-58.8663692,-27.4661351
2024-12-16,3,3x3,B07,0.2775652777777778,-58.8663692,-27.4661351
2024-12-16,3,3x3,B08,0.25491111111111114,-58.8663692,-27.4661351
2024-12-16,3,3x3,B8A,0.22442708333333336,-58.8663692,-27.4661351
2024-12-16,3,3x3,B11,0.15016944444444444,-58.8663692,-27.4661351
2024-12-16,3,3x3,B12,0.1461340277777778,-58.8663692,-27.4661351
2024-12-16,4,1x1,B01,0.19341875,-58.8653543,-27.4676448
2024-12-16,4,1x1,B02,0.1963,-58.8653543,-27.4676448
2024-12-16,4,1x1,B03,0.252,-58.8653543,-27.4676448
2024-12-16,4,1x1,B04,0.2826,-58.8653543,-27.4676448
2024-12-16,4,1x1,B05,0.2798875,-58.8653543,-27.4676448
2024-12-16,4,1x1,B06,0.185125,-58.8653543,-27.4676448
2024-12-16,4,1x1,B07,0.185175,-58.8653543,-27.4676448
2024-12-16,4,1x1,B08,0.1703,-58.8653543,-27.4676448
2024-12-16,4,1x1,B8A,0.15619375,-58.8653543,-27.4676448
2024-12-16,4,1x1,B11,0.1295125,-58.8653543,-27.4676448
2024-12-16,4,1x1,B12,0.12795,-58.8653543,-27.4676448
2024-12-16,4,3x3,B01,0.19339791666666667,-58.8653543,-27.4676448
2024-12-16,4,3x3,B02,0.19854444444444444,-58.8653543,-27.4676448
2024-12-16,4,3x3,B03,0.2538,-58.8653543,-27.4676448
2024-12-16,4,3x3,B04,0.28588888888888886,-58.8653543,-27.4676448
2024-12-16,4,3x3,B05,0.28283125,-58.8653543,-27.4676448
2024-12-16,4,3x3,B06,0.18846666666666667,-58.8653543,-27.4676448
2024-12-16,4,3x3,B07,0.18904583333333333,-58.8653543,-27.4676448
2024-12-16,4,3x3,B08,0.17558888888888888,-58.8653543,-27.4676448
2024-12-16,4,3x3,B8A,0.15890833333333332,-58.8653543,-27.4676448
2024-12-16,4,3x3,B11,0.131575,-58.8653543,-27.4676448
2024-12-16,4,3x3,B12,0.1301298611111111,-58.8653543,-27.4676448
2024-12-16,5,1x1,B01,0.16689375,-58.8643213,-27.4688362
2024-12-16,5,1x1,B02,0.1631,-58.8643213,-27.4688362
2024-12-16,5,1x1,B03,0.208,-58.8643213,-27.4688362
2024-12-16,5,1x1,B04,0.2006,-58.8643213,-27.4688362
2024-12-16,5,1x1,B05,0.2007125,-58.8643213,-27.4688362
2024-12-16,5,1x1,B06,0.15238125,-58.8643213,-27.4688362
2024-12-16,5,1x1,B07,0.15181875,-58.8643213,-27.4688362
2024-12-16,5,1x1,B08,0.1415,-58.8643213,-27.4688362
2024-12-16,5,1x1,B8A,0.14095625,-58.8643213,-27.4688362
2024-12-16,5,1x1,B11,0.13501875,-58.8643213,-27.4688362
2024-12-16,5,1x1,B12,0.13503125,-58.8643213,-27.4688362
2024-12-16,5,3x3,B01,0.16704791666666668,-58.8643213,-27.4688362
2024-12-16,5,3x3,B02,0.17265555555555556,-58.8643213,-27.4688362
2024-12-16,5,3x3,B03,0.2109,-58.8643213,-27.4688362
2024-12-16,5,3x3,B04,0.21033333333333334,-58.8643213,-27.4688362
2024-12-16,5,3x3,B05,0.20249027777777778,-58.8643213,-27.4688362
2024-12-16,5,3x3,B06,0.15337083333333332,-58.8643213,-27.4688362
2024-12-16,5,3x3,B07,0.15351875,-58.8643213,-27.4688362
2024-12-16,5,3x3,B08,0.145,-58.8643213,-27.4688362
2024-12-16,5,3x3,B8A,0.14242222222222223,-58.8643213,-27.4688362
2024-12-16,5,3x3,B11,0.13621388888888888,-58.8643213,-27.4688362
2024-12-16,5,3x3,B12,0.1357201388888889,-58.8643213,-27.4688362
2024-12-16,6,1x1,B01,0.1628875,-58.863874,-27.4697985
2024-12-16,6,1x1,B02,0.1659,-58.863874,-27.4697985
2024-12-16,6,1x1,B03,0.1966,-58.863874,-27.4697985
2024-12-16,6,1x1,B04,0.1889,-58.863874,-27.4697985
2024-12-16,6,1x1,B05,0.18060625,-58.863874,-27.4697985
2024-12-16,6,1x1,B06,0.1461375,-58.863874,-27.4697985
2024-12-16,6,1x1,B07,0.14566875,-58.863874,-27.4697985
2024-12-16,6,1x1,B08,0.1418,-58.863874,-27.4697985
2024-12-16,6,1x1,B8A,0.141975,-58.863874,-27.4697985
2024-12-16,6,1x1,B11,0.136475,-58.863874,-27.4697985
2024-12-16,6,1x1,B12,0.13473125,-58.863874,-27.4697985
2024-12-16,6,3x3,B01,0.1630138888888889,-58.863874,-27.4697985
2024-12-16,6,3x3,B02,0.1648777777777778,-58.863874,-27.4697985
2024-12-16,6,3x3,B03,0.19586666666666666,-58.863874,-27.4697985
2024-12-16,6,3x3,B04,0.18714444444444445,-58.863874,-27.4697985
2024-12-16,6,3x3,B05,0.18077083333333333,-58.863874,-27.4697985
2024-12-16,6,3x3,B06,0.14714027777777777,-58.863874,-27.4697985
2024-12-16,6,3x3,B07,0.14702083333333332,-58.863874,-27.4697985
2024-12-16,6,3x3,B08,0.14054444444444444,-58.863874,-27.4697985
2024-12-16,6,3x3,B8A,0.14278680555555556,-58.863874,-27.4697985
2024-12-16,6,3x3,B11,0.1376138888888889,-58.863874,-27.4697985
2024-12-16,6,3x3,B12,0.13528194444444444,-58.863874,-27.4697985
2024-12-16,7,1x1,B01,0.15834375,-58.8631197,-27.4713317
2024-12-16,7,1x1,B02,0.1584,-58.8631197,-27.4713317
2024-12-16,7,1x1,B03,0.1824,-58.8631197,-27.4713317
2024-12-16,7,1x1,B04,0.1711,-58.8631197,-27.4713317
2024-12-16,7,1x1,B05,0.16711875,-58.8631197,-27.4713317
2024-12-16,7,1x1,B06,0.1438625,-58.8631197,-27.4713317
2024-12-16,7,1x1,B07,0.14653125,-58.8631197,-27.4713317
2024-12-16,7,1x1,B08,0.1386,-58.8631197,-27.4713317
2024-12-16,7,1x1,B8A,0.13935,-58.8631197,-27.4713317
2024-12-16,7,1x1,B11,0.13959375,-58.8631197,-27.4713317
2024-12-16,7,1x1,B12,0.13710625,-58.8631197,-27.4713317
2024-12-16,7,3x3,B01,0.15838958333333333,-58.8631197,-27.4713317
2024-12-16,7,3x3,B02,0.16016666666666668,-58.8631197,-27.4713317
2024-12-16,7,3x3,B03,0.18288888888888888,-58.8631197,-27.4713317
2024-12-16,7,3x3,B04,0.17165555555555556,-58.8631197,-27.4713317
2024-12-16,7,3x3,B05,0.16773680555555556,-58.8631197,-27.4713317
2024-12-16,7,3x3,B06,0.1450034722222222,-58.8631197,-27.4713317
2024-12-16,7,3x3,B07,0.1472534722222222,-58.8631197,-27.4713317
2024-12-16,7,3x3,B08,0.1416222222222222,-58.8631197,-27.4713317
2024-12-16,7,3x3,B8A,0.1408048611111111,-58.8631197,-27.4713317
2024-12-16,7,3x3,B11,0.14010486111111112,-58.8631197,-27.4713317
2024-12-16,7,3x3,B12,0.1375326388888889,-58.8631197,-27.4713317
2024-12-16,8,1x1,B01,0.15154375,-58.8603701,-27.4727798
2024-12-16,8,1x1,B02,0.1521,-58.8603701,-27.4727798
2024-12-16,8,1x1,B03,0.1712,-58.8603701,-27.4727798
2024-12-16,8,1x1,B04,0.1592,-58.8603701,-27.4727798
2024-12-16,8,1x1,B05,0.15830625,-58.8603701,-27.4727798
2024-12-16,8,1x1,B06,0.1428125,-58.8603701,-27.4727798
2024-12-16,8,1x1,B07,0.1421625,-58.8603701,-27.4727798
2024-12-16,8,1x1,B08,0.1339,-58.8603701,-27.4727798
2024-12-16,8,1x1,B8A,0.13755625,-58.8603701,-27.4727798
2024-12-16,8,1x1,B11,0.13665,-58.8603701,-27.4727798
2024-12-16,8,1x1,B12,0.135925,-58.8603701,-27.4727798
2024-12-16,8,3x3,B01,0.1516597222222222,-58.8603701,-27.4727798
2024-12-16,8,3x3,B02,0.15266666666666667,-58.8603701,-27.4727798
2024-12-16,8,3x3,B03,0.17463333333333333,-58.8603701,-27.4727798
2024-12-16,8,3x3,B04,0.16264444444444442,-58.8603701,-27.4727798
2024-12-16,8,3x3,B05,0.1578423611111111,-58.8603701,-27.4727798
2024-12-16,8,3x3,B06,0.1419576388888889,-58.8603701,-27.4727798
2024-12-16,8,3x3,B07,0.1425840277777778,-58.8603701,-27.4727798
2024-12-16,8,3x3,B08,0.13975555555555558,-58.8603701,-27.4727798
2024-12-16,8,3x3,B8A,0.13796527777777778,-58.8603701,-27.4727798
2024-12-16,8,3x3,B11,0.1371409722222222,-58.8603701,-27.4727798
2024-12-16,8,3x3,B12,0.13585208333333332,-58.8603701,-27.4727798
2024-12-16,9,1x1,B01,0.15454375,-58.8594739,-27.4738798
2024-12-16,9,1x1,B02,0.1526,-58.8594739,-27.4738798
2024-12-16,9,1x1,B03,0.1774,-58.8594739,-27.4738798
2024-12-16,9,1x1,B04,0.1677,-58.8594739,-27.4738798
2024-12-16,9,1x1,B05,0.16596875,-58.8594739,-27.4738798
2024-12-16,9,1x1,B06,0.1508875,-58.8594739,-27.4738798
2024-12-16,9,1x1,B07,0.15055625,-58.8594739,-27.4738798
2024-12-16,9,1x1,B08,0.1445,-58.8594739,-27.4738798
2024-12-16,9,1x1,B8A,0.1456125,-58.8594739,-27.4738798
2024-12-16,9,1x1,B11,0.14293125,-58.8594739,-27.4738798
2024-12-16,9,1x1,B12,0.14324375,-58.8594739,-27.4738798
2024-12-16,9,3x3,B01,0.15470625,-58.8594739,-27.4738798
2024-12-16,9,3x3,B02,0.16062222222222222,-58.8594739,-27.4738798
2024-12-16,9,3x3,B03,0.18017777777777777,-58.8594739,-27.4738798
2024-12-16,9,3x3,B04,0.17128888888888888,-58.8594739,-27.4738798
2024-12-16,9,3x3,B05,0.16563819444444444,-58.8594739,-27.4738798
2024-12-16,9,3x3,B06,0.15021319444444445,-58.8594739,-27.4738798
2024-12-16,9,3x3,B07,0.14969930555555558,-58.8594739,-27.4738798
2024-12-16,9,3x3,B08,0.14584444444444444,-58.8594739,-27.4738798
2024-12-16,9,3x3,B8A,0.14528333333333332,-58.8594739,-27.4738798
2024-12-16,9,3x3,B11,0.14317152777777778,-58.8594739,-27.4738798
2024-12-16,9,3x3,B12,0.1428090277777778,-58.8594739,-27.4738798
2024-12-16,10,1x1,B01,0.157225,-58.857934,-27.4743388
2024-12-16,10,1x1,B02,0.1542,-58.857934,-27.4743388
2024-12-16,10,1x1,B03,0.1746,-58.857934,-27.4743388
2024-12-16,10,1x1,B04,0.1654,-58.857934,-27.4743388
2024-12-16,10,1x1,B05,0.16455625,-58.857934,-27.4743388
2024-12-16,10,1x1,B06,0.1469,-58.857934,-27.4743388
2024-12-16,10,1x1,B07,0.1485,-58.857934,-27.4743388
2024-12-16,10,1x1,B08,0.1432,-58.857934,-27.4743388
2024-12-16,10,1x1,B8A,0.14300625,-58.857934,-27.4743388
2024-12-16,10,1x1,B11,0.14616875,-58.857934,-27.4743388
2024-12-16,10,1x1,B12,0.1415375,-58.857934,-27.4743388
2024-12-16,10,3x3,B01,0.1570486111111111,-58.857934,-27.4743388
2024-12-16,10,3x3,B02,0.15847777777777777,-58.857934,-27.4743388
2024-12-16,10,3x3,B03,0.1785,-58.857934,-27.4743388
2024-12-16,10,3x3,B04,0.16821111111111112,-58.857934,-27.4743388
2024-12-16,10,3x3,B05,0.16541805555555555,-58.857934,-27.4743388
2024-12-16,10,3x3,B06,0.14801666666666669,-58.857934,-27.4743388
2024-12-16,10,3x3,B07,0.14929166666666668,-58.857934,-27.4743388
2024-12-16,10,3x3,B08,0.14376666666666668,-58.857934,-27.4743388
2024-12-16,10,3x3,B8A,0.14424791666666667,-58.857934,-27.4743388
2024-12-16,10,3x3,B11,0.1465,-58.857934,-27.4743388
2024-12-16,10,3x3,B12,0.14231597222222223,-58.857934,-27.4743388
2024-12-16,11,1x1,B01,0.1502625,-58.8574817,-27.4748002
2024-12-16,11,1x1,B02,0.1592,-58.8574817,-27.4748002
2024-12-16,11,1x1,B03,0.1802,-58.8574817,-27.4748002
2024-12-16,11,1x1,B04,0.1684,-58.8574817,-27.4748002
2024-12-16,11,1x1,B05,0.16445625,-58.8574817,-27.4748002
2024-12-16,11,1x1,B06,0.14519375,-58.8574817,-27.4748002
2024-12-16,11,1x1,B07,0.14745625,-58.8574817,-27.4748002
2024-12-16,11,1x1,B08,0.1443,-58.8574817,-27.4748002
2024-12-16,11,1x1,B8A,0.1453125,-58.8574817,-27.4748002
2024-12-16,11,1x1,B11,0.1458375,-58.8574817,-27.4748002
2024-12-16,11,1x1,B12,0.14185625,-58.8574817,-27.4748002
2024-12-16,11,3x3,B01,0.15049583333333333,-58.8574817,-27.4748002
2024-12-16,11,3x3,B02,0.1590888888888889,-58.8574817,-27.4748002
2024-12-16,11,3x3,B03,0.17975555555555556,-58.8574817,-27.4748002
2024-12-16,11,3x3,B04,0.1686666666666667,-58.8574817,-27.4748002
2024-12-16,11,3x3,B05,0.1644409722222222,-58.8574817,-27.4748002
2024-12-16,11,3x3,B06,0.14565486111111112,-58.8574817,-27.4748002
2024-12-16,11,3x3,B07,0.14779305555555555,-58.8574817,-27.4748002
2024-12-16,11,3x3,B08,0.1445,-58.8574817,-27.4748002
2024-12-16,11,3x3,B8A,0.14559027777777778,-58.8574817,-27.4748002
2024-12-16,11,3x3,B11,0.14591597222222222,-58.8574817,-27.4748002
2024-12-16,11,3x3,B12,0.14217152777777778,-58.8574817,-27.4748002
2024-12-16,12,1x1,B01,0.16039375,-58.8599399,-27.473679
2024-12-16,12,1x1,B02,0.169,-58.8599399,-27.473679
2024-12-16,12,1x1,B03,0.188,-58.8599399,-27.473679
2024-12-16,12,1x1,B04,0.1754,-58.8599399,-27.473679
2024-12-16,12,1x1,B05,0.1716875,-58.8599399,-27.473679
2024-12-16,12,1x1,B06,0.153425,-58.8599399,-27.473679
2024-12-16,12,1x1,B07,0.1539125,-58.8599399,-27.473679
2024-12-16,12,1x1,B08,0.1506,-58.8599399,-27.473679
2024-12-16,12,1x1,B8A,0.15098125,-58.8599399,-27.473679
2024-12-16,12,1x1,B11,0.14681875,-58.8599399,-27.473679
2024-12-16,12,1x1,B12,0.14610625,-58.8599399,-27.473679
2024-12-16,12,3x3,B01,0.16023125,-58.8599399,-27.473679
2024-12-16,12,3x3,B02,0.16612222222222223,-58.8599399,-27.473679
2024-12-16,12,3x3,B03,0.1878,-58.8599399,-27.473679
2024-12-16,12,3x3,B04,0.1758333333333333,-58.8599399,-27.473679
2024-12-16,12,3x3,B05,0.17196805555555555,-58.8599399,-27.473679
2024-12-16,12,3x3,B06,0.1543423611111111,-58.8599399,-27.473679
2024-12-16,12,3x3,B07,0.15510833333333332,-58.8599399,-27.473679
2024-12-16,12,3x3,B08,0.15205555555555555,-58.8599399,-27.473679
2024-12-16,12,3x3,B8A,0.15145277777777777,-58.8599399,-27.473679
2024-12-16,12,3x3,B11,0.14780555555555558,-58.8599399,-27.473679
2024-12-16,12,3x3,B12,0.14610208333333333,-58.8599399,-27.473679
2024-12-16,13,1x1,B01,0.17210625,-58.8645091,-27.4684081
2024-12-16,13,1x1,B02,0.1736,-58.8645091,-27.4684081
2024-12-16,13,1x1,B03,0.2248,-58.8645091,-27.4684081
2024-12-16,13,1x1,B04,0.227,-58.8645091,-27.4684081
2024-12-16,13,1x1,B05,0.2183625,-58.8645091,-27.4684081
2024-12-16,13,1x1,B06,0.157975,-58.8645091,-27.4684081
2024-12-16,13,1x1,B07,0.158875,-58.8645091,-27.4684081
2024-12-16,13,1x1,B08,0.1463,-58.8645091,-27.4684081
2024-12-16,13,1x1,B8A,0.146975,-58.8645091,-27.4684081
2024-12-16,13,1x1,B11,0.13688125,-58.8645091,-27.4684081
2024-12-16,13,1x1,B12,0.13336875,-58.8645091,-27.4684081
2024-12-16,13,3x3,B01,0.17220555555555556,-58.8645091,-27.4684081
2024-12-16,13,3x3,B02,0.1827,-58.8645091,-27.4684081
2024-12-16,13,3x3,B03,0.22655555555555557,-58.8645091,-27.4684081
2024-12-16,13,3x3,B04,0.23004444444444444,-58.8645091,-27.4684081
2024-12-16,13,3x3,B05,0.21858125,-58.8645091,-27.4684081
2024-12-16,13,3x3,B06,0.15849375,-58.8645091,-27.4684081
2024-12-16,13,3x3,B07,0.1591715277777778,-58.8645091,-27.4684081
2024-12-16,13,3x3,B08,0.15133333333333332,-58.8645091,-27.4684081
2024-12-16,13,3x3,B8A,0.14683333333333332,-58.8645091,-27.4684081
2024-12-16,13,3x3,B11,0.13669166666666668,-58.8645091,-27.4684081
2024-12-16,13,3x3,B12,0.13386666666666666,-58.8645091,-27.4684081
2024-12-16,14,1x1,B01,0.21709375,-58.8678377,-27.4652393
2024-12-16,14,1x1,B02,0.2732,-58.8678377,-27.4652393
2024-12-16,14,1x1,B03,0.3316,-58.8678377,-27.4652393
2024-12-16,14,1x1,B04,0.3964,-58.8678377,-27.4652393
2024-12-16,14,1x1,B05,0.402875,-58.8678377,-27.4652393
2024-12-16,14,1x1,B06,0.308025,-58.8678377,-27.4652393
2024-12-16,14,1x1,B07,0.3119375,-58.8678377,-27.4652393
2024-12-16,14,1x1,B08,0.2932,-58.8678377,-27.4652393
2024-12-16,14,1x1,B8A,0.25835,-58.8678377,-27.4652393
2024-12-16,14,1x1,B11,0.15759375,-58.8678377,-27.4652393
2024-12-16,14,1x1,B12,0.15213125,-58.8678377,-27.4652393
2024-12-16,14,3x3,B01,0.21742013888888886,-58.8678377,-27.4652393
2024-12-16,14,3x3,B02,0.26453333333333334,-58.8678377,-27.4652393
2024-12-16,14,3x3,B03,0.32664444444444446,-58.8678377,-27.4652393
2024-12-16,14,3x3,B04,0.3906,-58.8678377,-27.4652393
2024-12-16,14,3x3,B05,0.3985048611111111,-58.8678377,-27.4652393
2024-12-16,14,3x3,B06,0.3053777777777778,-58.8678377,-27.4652393
2024-12-16,14,3x3,B07,0.3090104166666667,-58.8678377,-27.4652393
2024-12-16,14,3x3,B08,0.2902666666666667,-58.8678377,-27.4652393
2024-12-16,14,3x3,B8A,0.2559618055555556,-58.8678377,-27.4652393
2024-12-16,14,3x3,B11,0.15519444444444444,-58.8678377,-27.4652393
2024-12-16,14,3x3,B12,0.1496354166666667,-58.8678377,-27.4652393
