punto,banda,reflect,fecha,longitud,latitud
1,B01,0.04136743976010217,2023-05-11,-58.8680469,-27.4646869
1,B02,0.04666894674301147,2023-05-11,-58.8680469,-27.4646869
1,B03,0.0856300907002555,2023-05-11,-58.8680469,-27.4646869
1,B04,0.12879874805609384,2023-05-11,-58.8680469,-27.4646869
1,B05,0.12870435582266915,2023-05-11,-58.8680469,-27.4646869
1,B06,0.09174795531564288,2023-05-11,-58.8680469,-27.4646869
1,B07,0.09836523565981124,2023-05-11,-58.8680469,-27.4646869
1,B08,0.08325294653574626,2023-05-11,-58.8680469,-27.4646869
1,B8A,0.06661170803838307,2023-05-11,-58.8680469,-27.4646869
1,B11,0.0025211839367532,2023-05-11,-58.8680469,-27.4646869
1,B12,0,2023-05-11,-58.8680469,-27.4646869
2,B01,0.03223456276787652,2023-05-11,-58.8667293,-27.4663034
2,B02,0.04791585811310344,2023-05-11,-58.8667293,-27.4663034
2,B03,0.0841907196574741,2023-05-11,-58.8667293,-27.4663034
2,B04,0.12389811790651745,2023-05-11,-58.8667293,-27.4663034
2,B05,0.1224814967976676,2023-05-11,-58.8667293,-27.4663034
2,B06,0.079921722412109375,2023-05-11,-58.8667293,-27.4663034
2,B07,0.08240320864650938,2023-05-11,-58.8667293,-27.4663034
2,B08,0.06902093026373121,2023-05-11,-58.8667293,-27.4663034
2,B8A,0.05592355587416225,2023-05-11,-58.8667293,-27.4663034
2,B11,0.00166888352315355,2023-05-11,-58.8667293,-27.4663034
2,B12,0,2023-05-11,-58.8667293,-27.4663034
3,B01,0.0309558922631873,2023-05-11,-58.8648886,-27.4680565
3,B02,0.04408443305227491,2023-05-11,-58.8648886,-27.4680565
3,B03,0.0784437350100941,2023-05-11,-58.8648886,-27.4680565
3,B04,0.10449833008978102,2023-05-11,-58.8648886,-27.4680565
3,B05,0.09573705742756526,2023-05-11,-58.8648886,-27.4680565
3,B06,0.05216231072942415,2023-05-11,-58.8648886,-27.4680565
3,B07,0.05747476385699378,2023-05-11,-58.8648886,-27.4680565
3,B08,0.04435438124669923,2023-05-11,-58.8648886,-27.4680565
3,B8A,0.0347674907081657,2023-05-11,-58.8648886,-27.4680565
3,B11,2.0937578746169392e-4,2023-05-11,-58.8648886,-27.4680565
3,B12,1.7367939856032736e-4,2023-05-11,-58.8648886,-27.4680565
4,B01,0.02964579251905282,2023-05-11,-58.8633671,-27.4692399
4,B02,0.04040665634804302,2023-05-11,-58.8633671,-27.4692399
4,B03,0.07038447012503941,2023-05-11,-58.8633671,-27.4692399
4,B04,0.07835688690344493,2023-05-11,-58.8633671,-27.4692399
4,B05,0.06393684695164363,2023-05-11,-58.8633671,-27.4692399
4,B06,0.03245225548744202,2023-05-11,-58.8633671,-27.4692399
4,B07,0.03399381993545426,2023-05-11,-58.8633671,-27.4692399
4,B08,0.02844122279849317,2023-05-11,-58.8633671,-27.4692399
4,B8A,0.02259669473601712,2023-05-11,-58.8633671,-27.4692399
4,B11,0.00127850232335428,2023-05-11,-58.8633671,-27.4692399
4,B12,0,2023-05-11,-58.8633671,-27.4692399
5,B01,0.02673662805722819,2023-05-11,-58.8624538,-27.4705607
5,B02,0.03496845356292195,2023-05-11,-58.8624538,-27.4705607
5,B03,0.06070126468936602,2023-05-11,-58.8624538,-27.4705607
5,B04,0.05660182361801465,2023-05-11,-58.8624538,-27.4705607
5,B05,0.04406674909922811,2023-05-11,-58.8624538,-27.4705607
5,B06,0.02480874707301457,2023-05-11,-58.8624538,-27.4705607
5,B07,0.0266835575716363,2023-05-11,-58.8624538,-27.4705607
5,B08,0.01920935201148192,2023-05-11,-58.8624538,-27.4705607
5,B8A,0.01792962869836224,2023-05-11,-58.8624538,-27.4705607
5,B11,0.00187937726473642,2023-05-11,-58.8624538,-27.4705607
5,B12,0,2023-05-11,-58.8624538,-27.4705607
6,B01,0.02409804136388831,2023-05-11,-58.8606621,-27.4726781
6,B02,0.02862909953627321,2023-05-11,-58.8606621,-27.4726781
6,B03,0.04700167518523004,2023-05-11,-58.8606621,-27.4726781
6,B04,0.03156439649562041,2023-05-11,-58.8606621,-27.4726781
6,B05,0.0228018659270472,2023-05-11,-58.8606621,-27.4726781
6,B06,0.01662440825667646,2023-05-11,-58.8606621,-27.4726781
6,B07,0.01912688877847459,2023-05-11,-58.8606621,-27.4726781
6,B08,0.01401237150033315,2023-05-11,-58.8606621,-27.4726781
6,B8A,0.01563832018938329,2023-05-11,-58.8606621,-27.4726781
6,B11,1.9072624531367583e-5,2023-05-11,-58.8606621,-27.4726781
6,B12,3.0749611808763194e-4,2023-05-11,-58.8606621,-27.4726781
7,B01,0.02230594638321134,2023-05-11,-58.8591202,-27.4733471
7,B02,0.02793431178563171,2023-05-11,-58.8591202,-27.4733471
7,B03,0.04547158587310049,2023-05-11,-58.8591202,-27.4733471
7,B04,0.02872747244934241,2023-05-11,-58.8591202,-27.4733471
7,B05,0.02083468147450023,2023-05-11,-58.8591202,-27.4733471
7,B06,0.0144624373772078,2023-05-11,-58.8591202,-27.4733471
7,B07,0.01747893169522285,2023-05-11,-58.8591202,-27.4733471
7,B08,0.01398772373795509,2023-05-11,-58.8591202,-27.4733471
7,B8A,0.01323165351317988,2023-05-11,-58.8591202,-27.4733471
7,B11,8.812264746261967e-5,2023-05-11,-58.8591202,-27.4733471
7,B12,3.605653182603419e-4,2023-05-11,-58.8591202,-27.4733471
8,B01,0.03103031362924311,2023-05-11,-58.857019,-27.4740568
8,B02,0.02546706029938326,2023-05-11,-58.857019,-27.4740568
8,B03,0.04161186102363798,2023-05-11,-58.857019,-27.4740568
8,B04,0.02583747108777364,2023-05-11,-58.857019,-27.4740568
8,B05,0.01852231307162179,2023-05-11,-58.857019,-27.4740568
8,B06,0.01242898383902178,2023-05-11,-58.857019,-27.4740568
8,B07,0.01653675393511851,2023-05-11,-58.857019,-27.4740568
8,B08,0.01392814817114008,2023-05-11,-58.857019,-27.4740568
8,B8A,0.01092289974136898,2023-05-11,-58.857019,-27.4740568
8,B11,0.00209741074488394,2023-05-11,-58.857019,-27.4740568
8,B12,8.767418977287081e-4,2023-05-11,-58.857019,-27.4740568
9,B01,0.05411233959926499,2023-05-11,-58.8682313,-27.4645328
9,B02,0.05330103180474705,2023-05-11,-58.8682313,-27.4645328
9,B03,0.08990807914071614,2023-05-11,-58.8682313,-27.4645328
9,B04,0.1299705273575253,2023-05-11,-58.8682313,-27.4645328
9,B05,0.13496150076389313,2023-05-11,-58.8682313,-27.4645328
9,B06,0.09801328016652,2023-05-11,-58.8682313,-27.4645328
9,B07,0.10488739692502552,2023-05-11,-58.8682313,-27.4645328
9,B08,0.08788519518242942,2023-05-11,-58.8682313,-27.4645328
9,B8A,0.07824052042431301,2023-05-11,-58.8682313,-27.4645328
9,B11,0.02647071700387944,2023-05-11,-58.8682313,-27.4645328
9,B12,0.02053324076243572,2023-05-11,-58.8682313,-27.4645328
10,B01,0.03198247816827562,2023-05-11,-58.8672607,-27.4672578
10,B02,0.04714176224337683,2023-05-11,-58.8672607,-27.4672578
10,B03,0.08470376001463996,2023-05-11,-58.8672607,-27.4672578
10,B04,0.12257666885852814,2023-05-11,-58.8672607,-27.4672578
10,B05,0.11994650463263194,2023-05-11,-58.8672607,-27.4672578
10,B06,0.07777573747767343,2023-05-11,-58.8672607,-27.4672578
10,B07,0.0831835311320093,2023-05-11,-58.8672607,-27.4672578
10,B08,0.06886543499098884,2023-05-11,-58.8672607,-27.4672578
10,B8A,0.05294679395026631,2023-05-11,-58.8672607,-27.4672578
10,B11,1.4754137696905268e-4,2023-05-11,-58.8672607,-27.4672578
10,B12,1.2437082740588166e-4,2023-05-11,-58.8672607,-27.4672578
11,B01,0.03040783686770333,2023-05-11,-58.8647944,-27.4696977
11,B02,0.04180595527092615,2023-05-11,-58.8647944,-27.4696977
11,B03,0.07395255979564455,2023-05-11,-58.8647944,-27.4696977
11,B04,0.08773851063516405,2023-05-11,-58.8647944,-27.4696977
11,B05,0.07568582147359848,2023-05-11,-58.8647944,-27.4696977
11,B06,0.03689396050241259,2023-05-11,-58.8647944,-27.4696977
11,B07,0.03970680758357048,2023-05-11,-58.8647944,-27.4696977
11,B08,0.03213224146101209,2023-05-11,-58.8647944,-27.4696977
11,B8A,0.02551394680307971,2023-05-11,-58.8647944,-27.4696977
11,B11,5.214983603865322e-6,2023-05-11,-58.8647944,-27.4696977
11,B12,2.6611117775448493e-4,2023-05-11,-58.8647944,-27.4696977
12,B01,0.02673662805722819,2023-05-11,-58.8624538,-27.4705607
12,B02,0.03496845356292195,2023-05-11,-58.8624538,-27.4705607
12,B03,0.06070126468936602,2023-05-11,-58.8624538,-27.4705607
12,B04,0.05660182361801465,2023-05-11,-58.8624538,-27.4705607
12,B05,0.04406674909922811,2023-05-11,-58.8624538,-27.4705607
12,B06,0.02480874707301457,2023-05-11,-58.8624538,-27.4705607
12,B07,0.0266835575716363,2023-05-11,-58.8624538,-27.4705607
12,B08,0.01920935201148192,2023-05-11,-58.8624538,-27.4705607
12,B8A,0.01792962869836224,2023-05-11,-58.8624538,-27.4705607
12,B11,0.00187937726473642,2023-05-11,-58.8624538,-27.4705607
12,B12,0,2023-05-11,-58.8624538,-27.4705607
13,B01,0.02409804136388831,2023-05-11,-58.8606621,-27.4726781
13,B02,0.02862909953627321,2023-05-11,-58.8606621,-27.4726781
13,B03,0.04700167518523004,2023-05-11,-58.8606621,-27.4726781
13,B04,0.03156439649562041,2023-05-11,-58.8606621,-27.4726781
13,B05,0.0228018659270472,2023-05-11,-58.8606621,-27.4726781
13,B06,0.01662440825667646,2023-05-11,-58.8606621,-27.4726781
13,B07,0.01912688877847459,2023-05-11,-58.8606621,-27.4726781
13,B08,0.01401237150033315,2023-05-11,-58.8606621,-27.4726781
13,B8A,0.01563832018938329,2023-05-11,-58.8606621,-27.4726781
13,B11,1.9072624531367583e-5,2023-05-11,-58.8606621,-27.4726781
13,B12,3.0749611808763194e-4,2023-05-11,-58.8606621,-27.4726781
14,B01,0.02230594638321134,2023-05-11,-58.8591202,-27.4733471
14,B02,0.02793431178563171,2023-05-11,-58.8591202,-27.4733471
14,B03,0.04547158587310049,2023-05-11,-58.8591202,-27.4733471
14,B04,0.02872747244934241,2023-05-11,-58.8591202,-27.4733471
14,B05,0.02083468147450023,2023-05-11,-58.8591202,-27.4733471
14,B06,0.0144624373772078,2023-05-11,-58.8591202,-27.4733471
14,B07,0.01747893169522285,2023-05-11,-58.8591202,-27.4733471
14,B08,0.01398772373795509,2023-05-11,-58.8591202,-27.4733471
14,B8A,0.01323165351317988,2023-05-11,-58.8591202,-27.4733471
14,B11,8.812264746261967e-5,2023-05-11,-58.8591202,-27.4733471
14,B12,3.605653182603419e-4,2023-05-11,-58.8591202,-27.4733471
15,B01,0.03103031362924311,2023-05-11,-58.857019,-27.4740568
15,B02,0.02546706029938326,2023-05-11,-58.857019,-27.4740568
15,B03,0.04161186102363798,2023-05-11,-58.857019,-27.4740568
15,B04,0.02583747108777364,2023-05-11,-58.857019,-27.4740568
15,B05,0.01852231307162179,2023-05-11,-58.857019,-27.4740568
15,B06,0.01242898383902178,2023-05-11,-58.857019,-27.4740568
15,B07,0.01653675393511851,2023-05-11,-58.857019,-27.4740568
15,B08,0.01392814817114008,2023-05-11,-58.857019,-27.4740568
15,B8A,0.01092289974136898,2023-05-11,-58.857019,-27.4740568
15,B11,0.00209741074488394,2023-05-11,-58.857019,-27.4740568
15,B12,8.767418977287081e-4,2023-05-11,-58.857019,-27.4740568
1,B01,0.08526993128988478,2023-12-12,-58.8682645,-27.4647485
1,B02,0.09165224681297938,2023-12-12,-58.8682645,-27.4647485
1,B03,0.11645016570885976,2023-12-12,-58.8682645,-27.4647485
1,B04,0.13313707212607065,2023-12-12,-58.8682645,-27.4647485
1,B05,0.1186996094054646,2023-12-12,-58.8682645,-27.4647485
1,B06,0.10008763356341256,2023-12-12,-58.8682645,-27.4647485
1,B07,0.10927307936880323,2023-12-12,-58.8682645,-27.4647485
1,B08,0.0894845790333218,2023-12-12,-58.8682645,-27.4647485
1,B8A,0.09784122225311068,2023-12-12,-58.8682645,-27.4647485
1,B11,0.08237442870934804,2023-12-12,-58.8682645,-27.4647485
1,B12,0.07515097575055228,2023-12-12,-58.8682645,-27.4647485
2,B01,0.06767281393210094,2023-12-12,-58.8678045,-27.4658444
2,B02,0.0829939420024554,2023-12-12,-58.8678045,-27.4658444
2,B03,0.11324478189150491,2023-12-12,-58.8678045,-27.4658444
2,B04,0.12754019929303062,2023-12-12,-58.8678045,-27.4658444
2,B05,0.11301333953936894,2023-12-12,-58.8678045,-27.4658444
2,B06,0.08763456427388722,2023-12-12,-58.8678045,-27.4658444
2,B07,0.09582235167423885,2023-12-12,-58.8678045,-27.4658444
2,B08,0.07996147788233227,2023-12-12,-58.8678045,-27.4658444
2,B8A,0.08334633376863268,2023-12-12,-58.8678045,-27.4658444
2,B11,0.06306796189811495,2023-12-12,-58.8678045,-27.4658444
2,B12,0.0549463749759727,2023-12-12,-58.8678045,-27.4658444
3,B01,0.06116192373964521,2023-12-12,-58.8652232,-27.4664385
3,B02,0.07845544007917245,2023-12-12,-58.8652232,-27.4664385
3,B03,0.1051279910736614,2023-12-12,-58.8652232,-27.4664385
3,B04,0.1187635064125061,2023-12-12,-58.8652232,-27.4664385
3,B05,0.09890286003549892,2023-12-12,-58.8652232,-27.4664385
3,B06,0.07204981168939008,2023-12-12,-58.8652232,-27.4664385
3,B07,0.0752435206539101,2023-12-12,-58.8652232,-27.4664385
3,B08,0.06414185227671017,2023-12-12,-58.8652232,-27.4664385
3,B8A,0.06649329223566586,2023-12-12,-58.8652232,-27.4664385
3,B11,0.04817125619026936,2023-12-12,-58.8652232,-27.4664385
3,B12,0.04174684567583932,2023-12-12,-58.8652232,-27.4664385
4,B01,0.06399675375885433,2023-12-12,-58.8634207,-27.4679387
4,B02,0.0932106011443668,2023-12-12,-58.8634207,-27.4679387
4,B03,0.12898194210396874,2023-12-12,-58.8634207,-27.4679387
4,B04,0.13778076734807757,2023-12-12,-58.8634207,-27.4679387
4,B05,0.11612220522430208,2023-12-12,-58.8634207,-27.4679387
4,B06,0.08639752368132274,2023-12-12,-58.8634207,-27.4679387
4,B07,0.0912867859005928,2023-12-12,-58.8634207,-27.4679387
4,B08,0.07852542565928565,2023-12-12,-58.8634207,-27.4679387
4,B8A,0.08192343264818192,2023-12-12,-58.8634207,-27.4679387
4,B11,0.06469458176030053,2023-12-12,-58.8634207,-27.4679387
4,B12,0.05743052065372467,2023-12-12,-58.8634207,-27.4679387
5,B01,0.06739238566822475,2023-12-12,-58.8622547,-27.4690254
5,B02,0.10084232522381675,2023-12-12,-58.8622547,-27.4690254
5,B03,0.14111106428835127,2023-12-12,-58.8622547,-27.4690254
5,B04,0.1478856305281321,2023-12-12,-58.8622547,-27.4690254
5,B05,0.12318708416488436,2023-12-12,-58.8622547,-27.4690254
5,B06,0.0971240293648508,2023-12-12,-58.8622547,-27.4690254
5,B07,0.10358014537228478,2023-12-12,-58.8622547,-27.4690254
5,B08,0.0834725954466396,2023-12-12,-58.8622547,-27.4690254
5,B8A,0.09384011560016207,2023-12-12,-58.8622547,-27.4690254
5,B11,0.08148570855458577,2023-12-12,-58.8622547,-27.4690254
5,B12,0.06974947204192479,2023-12-12,-58.8622547,-27.4690254
6,B01,0.07669938769605425,2023-12-12,-58.8604727,-27.4707805
6,B02,0.10110278593169318,2023-12-12,-58.8604727,-27.4707805
6,B03,0.1444376011689504,2023-12-12,-58.8604727,-27.4707805
6,B04,0.1496358894639545,2023-12-12,-58.8604727,-27.4707805
6,B05,0.11811705595917173,2023-12-12,-58.8604727,-27.4707805
6,B06,0.08983804368310505,2023-12-12,-58.8604727,-27.4707805
6,B07,0.09392948779794905,2023-12-12,-58.8604727,-27.4707805
6,B08,0.08191771225796805,2023-12-12,-58.8604727,-27.4707805
6,B8A,0.08696546322769588,2023-12-12,-58.8604727,-27.4707805
6,B11,0.06896607619192865,2023-12-12,-58.8604727,-27.4707805
6,B12,0.06126024532649252,2023-12-12,-58.8604727,-27.4707805
7,B01,0.07132859445280498,2023-12-12,-58.8589498,-27.4724654
7,B02,0.10073121554321712,2023-12-12,-58.8589498,-27.4724654
7,B03,0.14584938353962368,2023-12-12,-58.8589498,-27.4724654
7,B04,0.14993041588200462,2023-12-12,-58.8589498,-27.4724654
7,B05,0.12216551022397149,2023-12-12,-58.8589498,-27.4724654
7,B06,0.09365009516477583,2023-12-12,-58.8589498,-27.4724654
7,B07,0.1005478526155154,2023-12-12,-58.8589498,-27.4724654
7,B08,0.08367116997639339,2023-12-12,-58.8589498,-27.4724654
7,B8A,0.094054633544551,2023-12-12,-58.8589498,-27.4724654
7,B11,0.08010405550400417,2023-12-12,-58.8589498,-27.4724654
7,B12,0.06780437545643912,2023-12-12,-58.8589498,-27.4724654
8,B01,0.03298390015131897,2023-12-12,-58.8567404,-27.4734066
8,B02,0.02709933473832077,2023-12-12,-58.8567404,-27.4734066
8,B03,0.05578101778195964,2023-12-12,-58.8567404,-27.4734066
8,B04,0.05266541741891868,2023-12-12,-58.8567404,-27.4734066
8,B05,0.03364344189564387,2023-12-12,-58.8567404,-27.4734066
8,B06,0.01089425229777892,2023-12-12,-58.8567404,-27.4734066
8,B07,0.01531734317541122,2023-12-12,-58.8567404,-27.4734066
8,B08,0.00424246259485193,2023-12-12,-58.8567404,-27.4734066
8,B8A,0.00949082121628129,2023-12-12,-58.8567404,-27.4734066
8,B11,0.00283532680219246,2023-12-12,-58.8567404,-27.4734066
8,B12,0,2023-12-12,-58.8567404,-27.4734066
1,B01,0.04782554548647669,2024-05-20,-58.8680573,-27.4644962
1,B02,0.04643634499775039,2024-05-20,-58.8680573,-27.4644962
1,B03,0.0822178324063619,2024-05-20,-58.8680573,-27.4644962
1,B04,0.1238745434416665,2024-05-20,-58.8680573,-27.4644962
1,B05,0.1275386702683237,2024-05-20,-58.8680573,-27.4644962
1,B06,0.08515090578132206,2024-05-20,-58.8680573,-27.4644962
1,B07,0.08690947873724832,2024-05-20,-58.8680573,-27.4644962
1,B08,0.07387980818748474,2024-05-20,-58.8680573,-27.4644962
1,B8A,0.05668872760401831,2024-05-20,-58.8680573,-27.4644962
1,B11,0.01256941217515203,2024-05-20,-58.8680573,-27.4644962
1,B12,0.01279385386927363,2024-05-20,-58.8680573,-27.4644962
2,B01,0.02914114027387566,2024-05-20,-58.8669696,-27.4652135
2,B02,0.04732628249459796,2024-05-20,-58.8669696,-27.4652135
2,B03,0.08438821385304134,2024-05-20,-58.8669696,-27.4652135
2,B04,0.12575889296001858,2024-05-20,-58.8669696,-27.4652135
2,B05,0.1303226517306434,2024-05-20,-58.8669696,-27.4652135
2,B06,0.08391264246569739,2024-05-20,-58.8669696,-27.4652135
2,B07,0.08684009148014916,2024-05-20,-58.8669696,-27.4652135
2,B08,0.07694813857475917,2024-05-20,-58.8669696,-27.4652135
2,B8A,0.05499393906858232,2024-05-20,-58.8669696,-27.4652135
2,B11,1.4354952792119648e-4,2024-05-20,-58.8669696,-27.4652135
2,B12,7.556047947016648e-5,2024-05-20,-58.8669696,-27.4652135
3,B01,0.0290883911980523,2024-05-20,-58.8655555,-27.4662499
3,B02,0.04865254710117975,2024-05-20,-58.8655555,-27.4662499
3,B03,0.08528828869263332,2024-05-20,-58.8655555,-27.4662499
3,B04,0.12290534873803456,2024-05-20,-58.8655555,-27.4662499
3,B05,0.12335902286900416,2024-05-20,-58.8655555,-27.4662499
3,B06,0.07745860765377681,2024-05-20,-58.8655555,-27.4662499
3,B07,0.07880718840493096,2024-05-20,-58.8655555,-27.4662499
3,B08,0.06610187888145447,2024-05-20,-58.8655555,-27.4662499
3,B8A,0.04798956836263338,2024-05-20,-58.8655555,-27.4662499
3,B11,-0.00158338625139246,2024-05-20,-58.8655555,-27.4662499
3,B12,-4.4322593344582454e-4,2024-05-20,-58.8655555,-27.4662499
4,B01,0.02403713824848334,2024-05-20,-58.8642187,-27.4673687
4,B02,0.04477113402552075,2024-05-20,-58.8642187,-27.4673687
4,B03,0.08156939264800814,2024-05-20,-58.8642187,-27.4673687
4,B04,0.11554766529136234,2024-05-20,-58.8642187,-27.4673687
4,B05,0.10884012778600057,2024-05-20,-58.8642187,-27.4673687
4,B06,0.06041619140240881,2024-05-20,-58.8642187,-27.4673687
4,B07,0.06221640855073929,2024-05-20,-58.8642187,-27.4673687
4,B08,0.05321535592277845,2024-05-20,-58.8642187,-27.4673687
4,B8A,0.0355624763502015,2024-05-20,-58.8642187,-27.4673687
4,B11,-0.00105349155556824,2024-05-20,-58.8642187,-27.4673687
4,B12,-4.244977276862806e-4,2024-05-20,-58.8642187,-27.4673687
5,B01,0.02923902765744262,2024-05-20,-58.8628216,-27.4692696
5,B02,0.04477139976289537,2024-05-20,-58.8628216,-27.4692696
5,B03,0.08042760110563701,2024-05-20,-58.8628216,-27.4692696
5,B04,0.10989527569876777,2024-05-20,-58.8628216,-27.4692696
5,B05,0.10365012370877796,2024-05-20,-58.8628216,-27.4692696
5,B06,0.05111800879240036,2024-05-20,-58.8628216,-27.4692696
5,B07,0.05084388371970919,2024-05-20,-58.8628216,-27.4692696
5,B08,0.04257593924800555,2024-05-20,-58.8628216,-27.4692696
5,B8A,0.02754023215836949,2024-05-20,-58.8628216,-27.4692696
5,B11,-0.00178224549421833,2024-05-20,-58.8628216,-27.4692696
5,B12,-2.4146642923975985e-5,2024-05-20,-58.8628216,-27.4692696
6,B01,0.02698064409196376,2024-05-20,-58.8615767,-27.4704693
6,B02,0.04101125813192791,2024-05-20,-58.8615767,-27.4704693
6,B03,0.07571659651067522,2024-05-20,-58.8615767,-27.4704693
6,B04,0.0995886880490515,2024-05-20,-58.8615767,-27.4704693
6,B05,0.09011693133248223,2024-05-20,-58.8615767,-27.4704693
6,B06,0.04045072673923439,2024-05-20,-58.8615767,-27.4704693
6,B07,0.04006172551049127,2024-05-20,-58.8615767,-27.4704693
6,B08,0.03400119373367892,2024-05-20,-58.8615767,-27.4704693
6,B8A,0.0238663868771659,2024-05-20,-58.8615767,-27.4704693
6,B11,-5.962492614344228e-4,2024-05-20,-58.8615767,-27.4704693
6,B12,-4.173026180877868e-4,2024-05-20,-58.8615767,-27.4704693
7,B01,0.02562314561671681,2024-05-20,-58.8598219,-27.4721863
7,B02,0.0409750524494383,2024-05-20,-58.8598219,-27.4721863
7,B03,0.07615371545155843,2024-05-20,-58.8598219,-27.4721863
7,B04,0.09593665185901852,2024-05-20,-58.8598219,-27.4721863
7,B05,0.0821844521496031,2024-05-20,-58.8598219,-27.4721863
7,B06,0.03287884386049376,2024-05-20,-58.8598219,-27.4721863
7,B07,0.03307865187525749,2024-05-20,-58.8598219,-27.4721863
7,B08,0.02719033447404702,2024-05-20,-58.8598219,-27.4721863
7,B8A,0.01684428637640343,2024-05-20,-58.8598219,-27.4721863
7,B11,-9.351185096117356e-4,2024-05-20,-58.8598219,-27.4721863
7,B12,4.980931278421647e-4,2024-05-20,-58.8598219,-27.4721863
8,B01,0.02583872568276193,2024-05-20,-58.8579279,-27.4732325
8,B02,0.03950719328390227,2024-05-20,-58.8579279,-27.4732325
8,B03,0.07490949663850996,2024-05-20,-58.8579279,-27.4732325
8,B04,0.08691334393289354,2024-05-20,-58.8579279,-27.4732325
8,B05,0.07261574682262209,2024-05-20,-58.8579279,-27.4732325
8,B06,0.0276727732270956,2024-05-20,-58.8579279,-27.4732325
8,B07,0.02824614817897479,2024-05-20,-58.8579279,-27.4732325
8,B08,0.02198521854976813,2024-05-20,-58.8579279,-27.4732325
8,B8A,0.01298507820400926,2024-05-20,-58.8579279,-27.4732325
8,B11,-7.590931879046063e-5,2024-05-20,-58.8579279,-27.4732325
8,B12,0.00129749310306376,2024-05-20,-58.8579279,-27.4732325
1,B01,0.02704625017940998,2024-05-30,-58.8688526,-27.4651438
1,B02,0.04642932613690694,2024-05-30,-58.8688526,-27.4651438
1,B03,0.083243980175919,2024-05-30,-58.8688526,-27.4651438
1,B04,0.12211071534289254,2024-05-30,-58.8688526,-27.4651438
1,B05,0.12446576356887816,2024-05-30,-58.8688526,-27.4651438
1,B06,0.07876551151275635,2024-05-30,-58.8688526,-27.4651438
1,B07,0.07986572633186977,2024-05-30,-58.8688526,-27.4651438
1,B08,0.06931109146939383,2024-05-30,-58.8688526,-27.4651438
1,B8A,0.05118296999070379,2024-05-30,-58.8688526,-27.4651438
1,B11,7.538844624327288e-4,2024-05-30,-58.8688526,-27.4651438
1,B12,3.65993331393434e-4,2024-05-30,-58.8688526,-27.4651438
2,B01,0.03011195899711714,2024-05-30,-58.866683,-27.4656234
2,B02,0.04849346520172225,2024-05-30,-58.866683,-27.4656234
2,B03,0.085163661175304,2024-05-30,-58.866683,-27.4656234
2,B04,0.12424302928977544,2024-05-30,-58.866683,-27.4656234
2,B05,0.12596176233556536,2024-05-30,-58.866683,-27.4656234
2,B06,0.077842816710472107,2024-05-30,-58.866683,-27.4656234
2,B07,0.0806480993827184,2024-05-30,-58.866683,-27.4656234
2,B08,0.06671007970968883,2024-05-30,-58.866683,-27.4656234
2,B8A,0.04562463363011678,2024-05-30,-58.866683,-27.4656234
2,B11,-7.277892630857726e-4,2024-05-30,-58.866683,-27.4656234
2,B12,7.367707278010332e-5,2024-05-30,-58.866683,-27.4656234
3,B01,0.03093871639834509,2024-05-30,-58.8652638,-27.4674984
3,B02,0.04618322600920995,2024-05-30,-58.8652638,-27.4674984
3,B03,0.08405026627911462,2024-05-30,-58.8652638,-27.4674984
3,B04,0.11605557799339294,2024-05-30,-58.8652638,-27.4674984
3,B05,0.11284069551361932,2024-05-30,-58.8652638,-27.4674984
3,B06,0.06014365785651737,2024-05-30,-58.8652638,-27.4674984
3,B07,0.0594056277639336,2024-05-30,-58.8652638,-27.4674984
3,B08,0.04801964842610889,2024-05-30,-58.8652638,-27.4674984
3,B8A,0.03213711827993393,2024-05-30,-58.8652638,-27.4674984
3,B11,-0.00288190783208443,2024-05-30,-58.8652638,-27.4674984
3,B12,-0.00162457377235922,2024-05-30,-58.8652638,-27.4674984
4,B01,0.03087591752409935,2024-05-30,-58.8635679,-27.4698467
4,B02,0.04521740683250957,2024-05-30,-58.8635679,-27.4698467
4,B03,0.08255775272846222,2024-05-30,-58.8635679,-27.4698467
4,B04,0.10610754622353448,2024-05-30,-58.8635679,-27.4698467
4,B05,0.09336806419822904,2024-05-30,-58.8635679,-27.4698467
4,B06,0.03902542632487085,2024-05-30,-58.8635679,-27.4698467
4,B07,0.03999391901824209,2024-05-30,-58.8635679,-27.4698467
4,B08,0.03117089532315731,2024-05-30,-58.8635679,-27.4698467
4,B8A,0.01891251591344674,2024-05-30,-58.8635679,-27.4698467
4,B11,-0.0023902111635026,2024-05-30,-58.8635679,-27.4698467
4,B12,-0.00144330064196967,2024-05-30,-58.8635679,-27.4698467
5,B01,0.02934526879754331,2024-05-30,-58.8624132,-27.4708793
5,B02,0.0458274380200439,2024-05-30,-58.8624132,-27.4708793
5,B03,0.08228871557447645,2024-05-30,-58.8624132,-27.4708793
5,B04,0.10047818471988042,2024-05-30,-58.8624132,-27.4708793
5,B05,0.08397042999664943,2024-05-30,-58.8624132,-27.4708793
5,B06,0.03377169494827588,2024-05-30,-58.8624132,-27.4708793
5,B07,0.0315434785766734,2024-05-30,-58.8624132,-27.4708793
5,B08,0.02591408706373638,2024-05-30,-58.8624132,-27.4708793
5,B8A,0.01557708645446433,2024-05-30,-58.8624132,-27.4708793
5,B11,-0.00196612194283968,2024-05-30,-58.8624132,-27.4708793
5,B12,-9.583812724384996e-4,2024-05-30,-58.8624132,-27.4708793
6,B01,0.02839276401533021,2024-05-30,-58.8606735,-27.4730282
6,B02,0.04342392128374842,2024-05-30,-58.8606735,-27.4730282
6,B03,0.08113798913028505,2024-05-30,-58.8606735,-27.4730282
6,B04,0.09251709944672054,2024-05-30,-58.8606735,-27.4730282
6,B05,0.07213882605234782,2024-05-30,-58.8606735,-27.4730282
6,B06,0.02700082667999797,2024-05-30,-58.8606735,-27.4730282
6,B07,0.02458271591199769,2024-05-30,-58.8606735,-27.4730282
6,B08,0.01965024136006832,2024-05-30,-58.8606735,-27.4730282
6,B8A,0.01277481350633833,2024-05-30,-58.8606735,-27.4730282
6,B11,-0.00212409331773718,2024-05-30,-58.8606735,-27.4730282
6,B12,-8.402417879551649e-4,2024-05-30,-58.8606735,-27.4730282
7,B01,0.02940772453116046,2024-05-30,-58.8593196,-27.473469
7,B02,0.04316016948885388,2024-05-30,-58.8593196,-27.473469
7,B03,0.08034945941633648,2024-05-30,-58.8593196,-27.473469
7,B04,0.08703672637542088,2024-05-30,-58.8593196,-27.473469
7,B05,0.06656944337818357,2024-05-30,-58.8593196,-27.473469
7,B06,0.02273159743183189,2024-05-30,-58.8593196,-27.473469
7,B07,0.02160102480815516,2024-05-30,-58.8593196,-27.473469
7,B08,0.0177646850546201,2024-05-30,-58.8593196,-27.473469
7,B8A,0.00991724214206139,2024-05-30,-58.8593196,-27.473469
7,B11,-0.00108214316423982,2024-05-30,-58.8593196,-27.473469
7,B12,-0.00120176327295161,2024-05-30,-58.8593196,-27.473469
8,B01,0.02501643262803554,2024-05-30,-58.8576185,-27.4742076
8,B02,0.04214727423257298,2024-05-30,-58.8576185,-27.4742076
8,B03,0.0791383898920483,2024-05-30,-58.8576185,-27.4742076
8,B04,0.08278411212894651,2024-05-30,-58.8576185,-27.4742076
8,B05,0.06005517144997915,2024-05-30,-58.8576185,-27.4742076
8,B06,0.02186575945880678,2024-05-30,-58.8576185,-27.4742076
8,B07,0.02059815741247601,2024-05-30,-58.8576185,-27.4742076
8,B08,0.01625284076564841,2024-05-30,-58.8576185,-27.4742076
8,B8A,0.00980997240791718,2024-05-30,-58.8576185,-27.4742076
8,B11,2.5147652842052694e-4,2024-05-30,-58.8576185,-27.4742076
8,B12,3.1372816819283697e-5,2024-05-30,-58.8576185,-27.4742076
1,B01,0.13710274630122715,2024-12-16,-58.868234,-27.4644894
1,B02,0.16097221937444475,2024-12-16,-58.868234,-27.4644894
1,B03,0.223076441221767,2024-12-16,-58.868234,-27.4644894
1,B04,0.29084666901164585,2024-12-16,-58.868234,-27.4644894
1,B05,0.2892741627163357,2024-12-16,-58.868234,-27.4644894
1,B06,0.2642122324970033,2024-12-16,-58.868234,-27.4644894
1,B07,0.2647663686010573,2024-12-16,-58.868234,-27.4644894
1,B08,0.22439602182971108,2024-12-16,-58.868234,-27.4644894
1,B8A,0.20909659398926628,2024-12-16,-58.868234,-27.4644894
1,B11,0.15433970714608827,2024-12-16,-58.868234,-27.4644894
1,B12,0.1498588708539804,2024-12-16,-58.868234,-27.4644894
2,B01,0.08537646051910189,2024-12-16,-58.8676694,-27.4653045
2,B02,0.10757104886902703,2024-12-16,-58.8676694,-27.4653045
2,B03,0.16927836421463224,2024-12-16,-58.8676694,-27.4653045
2,B04,0.2269436948829227,2024-12-16,-58.8676694,-27.4653045
2,B05,0.22308245135678184,2024-12-16,-58.8676694,-27.4653045
2,B06,0.16808892455365923,2024-12-16,-58.8676694,-27.4653045
2,B07,0.17458481093247732,2024-12-16,-58.8676694,-27.4653045
2,B08,0.1484002313680119,2024-12-16,-58.8676694,-27.4653045
2,B8A,0.13107195330990684,2024-12-16,-58.8676694,-27.4653045
2,B11,0.0310933966603544,2024-12-16,-58.8676694,-27.4653045
2,B12,0.02719788144653042,2024-12-16,-58.8676694,-27.4653045
3,B01,0.0830988801187939,2024-12-16,-58.8663692,-27.4661351
3,B02,0.11516810870832866,2024-12-16,-58.8663692,-27.4661351
3,B03,0.17530301875538296,2024-12-16,-58.8663692,-27.4661351
3,B04,0.2296546995639801,2024-12-16,-58.8663692,-27.4661351
3,B05,0.21235402756267124,2024-12-16,-58.8663692,-27.4661351
3,B06,0.15123654156923294,2024-12-16,-58.8663692,-27.4661351
3,B07,0.15847511341174444,2024-12-16,-58.8663692,-27.4661351
3,B08,0.13735110147131813,2024-12-16,-58.8663692,-27.4661351
3,B8A,0.11573357466194364,2024-12-16,-58.8663692,-27.4661351
3,B11,0.03632945223297509,2024-12-16,-58.8663692,-27.4661351
3,B12,0.03227790879868229,2024-12-16,-58.8663692,-27.4661351
4,B01,0.0585041017168098,2024-12-16,-58.8653543,-27.4676448
4,B02,0.06412842083308432,2024-12-16,-58.8653543,-27.4676448
4,B03,0.11524886224004956,2024-12-16,-58.8653543,-27.4676448
4,B04,0.1444188356399536,2024-12-16,-58.8653543,-27.4676448
4,B05,0.12504675487677255,2024-12-16,-58.8653543,-27.4676448
4,B06,0.05951655076609717,2024-12-16,-58.8653543,-27.4676448
4,B07,0.06491977721452713,2024-12-16,-58.8653543,-27.4676448
4,B08,0.04526350688603189,2024-12-16,-58.8653543,-27.4676448
4,B8A,0.03565726180871328,2024-12-16,-58.8653543,-27.4676448
4,B11,9.078007214055916e-5,2024-12-16,-58.8653543,-27.4676448
4,B12,4.156356792211429e-4,2024-12-16,-58.8653543,-27.4676448
5,B01,0.03924511166082488,2024-12-16,-58.8643213,-27.4688362
5,B02,0.05371446452207035,2024-12-16,-58.8643213,-27.4688362
5,B03,0.08877077947060268,2024-12-16,-58.8643213,-27.4688362
5,B04,0.08459628125031789,2024-12-16,-58.8643213,-27.4688362
5,B05,0.06344576304157575,2024-12-16,-58.8643213,-27.4688362
5,B06,0.03127904070748223,2024-12-16,-58.8643213,-27.4688362
5,B07,0.03080744565361076,2024-12-16,-58.8643213,-27.4688362
5,B08,0.02470507607277896,2024-12-16,-58.8643213,-27.4688362
5,B8A,0.0215294100344181,2024-12-16,-58.8643213,-27.4688362
5,B11,0.00628738874931716,2024-12-16,-58.8643213,-27.4688362
5,B12,0.00509559063033925,2024-12-16,-58.8643213,-27.4688362
6,B01,0.03679807856678963,2024-12-16,-58.863874,-27.4697985
6,B02,0.03913757411970033,2024-12-16,-58.863874,-27.4697985
6,B03,0.06544454975260629,2024-12-16,-58.863874,-27.4697985
6,B04,0.05533712605635325,2024-12-16,-58.863874,-27.4697985
6,B05,0.03822185306085481,2024-12-16,-58.863874,-27.4697985
6,B06,0.01556064095348119,2024-12-16,-58.863874,-27.4697985
6,B07,0.01592772516111533,2024-12-16,-58.863874,-27.4697985
6,B08,0.01158826115230719,2024-12-16,-58.863874,-27.4697985
6,B8A,0.01148872067117028,2024-12-16,-58.863874,-27.4697985
6,B11,6.793505162931979e-4,2024-12-16,-58.863874,-27.4697985
6,B12,7.605592998313821e-4,2024-12-16,-58.863874,-27.4697985
7,B01,0.03221386215753025,2024-12-16,-58.8631197,-27.4713317
7,B02,0.03355632246368461,2024-12-16,-58.8631197,-27.4713317
7,B03,0.05215603568487697,2024-12-16,-58.8631197,-27.4713317
7,B04,0.03905807849433687,2024-12-16,-58.8631197,-27.4713317
7,B05,0.02752096061077382,2024-12-16,-58.8631197,-27.4713317
7,B06,0.01395150636219316,2024-12-16,-58.8631197,-27.4713317
7,B07,0.01293903392636113,2024-12-16,-58.8631197,-27.4713317
7,B08,0.00834908367445071,2024-12-16,-58.8631197,-27.4713317
7,B8A,0.00943535250715083,2024-12-16,-58.8631197,-27.4713317
7,B11,0.00109939010952883,2024-12-16,-58.8631197,-27.4713317
7,B12,0,2024-12-16,-58.8631197,-27.4713317
8,B01,0.0299017783254385,2024-12-16,-58.8603701,-27.4727798
8,B02,0.03004344283706612,2024-12-16,-58.8603701,-27.4727798
8,B03,0.04723537175191773,2024-12-16,-58.8603701,-27.4727798
8,B04,0.03311071524189578,2024-12-16,-58.8603701,-27.4727798
8,B05,0.02406031431423293,2024-12-16,-58.8603701,-27.4727798
8,B06,0.01111648386965195,2024-12-16,-58.8603701,-27.4727798
8,B07,0.01251909395472871,2024-12-16,-58.8603701,-27.4727798
8,B08,0.00700607280143433,2024-12-16,-58.8603701,-27.4727798
8,B8A,0.00907444105380111,2024-12-16,-58.8603701,-27.4727798
8,B11,0.00198197540723615,2024-12-16,-58.8603701,-27.4727798
8,B12,1.812434913719901e-4,2024-12-16,-58.8603701,-27.4727798
9,B01,0.02544854498571819,2024-12-16,-58.8594739,-27.4738798
9,B02,0.03264671295053429,2024-12-16,-58.8594739,-27.4738798
9,B03,0.04845737458931075,2024-12-16,-58.8594739,-27.4738798
9,B04,0.0339436549693346,2024-12-16,-58.8594739,-27.4738798
9,B05,0.02627367816037602,2024-12-16,-58.8594739,-27.4738798
9,B06,0.01181320452855693,2024-12-16,-58.8594739,-27.4738798
9,B07,0.01246255367166465,2024-12-16,-58.8594739,-27.4738798
9,B08,0.00845158881404333,2024-12-16,-58.8594739,-27.4738798
9,B8A,0.00959910555846161,2024-12-16,-58.8594739,-27.4738798
9,B11,0.00127389526460319,2024-12-16,-58.8594739,-27.4738798
9,B12,0,2024-12-16,-58.8594739,-27.4738798
10,B01,0.02777276539968119,2024-12-16,-58.857934,-27.4743388
10,B02,0.02944745578699641,2024-12-16,-58.857934,-27.4743388
10,B03,0.04669715795252058,2024-12-16,-58.857934,-27.4743388
10,B04,0.0313472847143809,2024-12-16,-58.857934,-27.4743388
10,B05,0.02080869509114159,2024-12-16,-58.857934,-27.4743388
10,B06,0.0112052589861883,2024-12-16,-58.857934,-27.4743388
10,B07,0.01060535893258121,2024-12-16,-58.857934,-27.4743388
10,B08,0.00667559111671936,2024-12-16,-58.857934,-27.4743388
10,B8A,0.00786992923046151,2024-12-16,-58.857934,-27.4743388
10,B11,0.00116704647532767,2024-12-16,-58.857934,-27.4743388
10,B12,0,2024-12-16,-58.857934,-27.4743388
11,B01,0.03756960564189487,2024-12-16,-58.8574817,-27.4748002
11,B02,0.04498708496491114,2024-12-16,-58.8574817,-27.4748002
11,B03,0.06312711454100078,2024-12-16,-58.8574817,-27.4748002
11,B04,0.05056539757384194,2024-12-16,-58.8574817,-27.4748002
11,B05,0.03970559313893318,2024-12-16,-58.8574817,-27.4748002
11,B06,0.03061631932440731,2024-12-16,-58.8574817,-27.4748002
11,B07,0.03167197263489167,2024-12-16,-58.8574817,-27.4748002
11,B08,0.02930582966655492,2024-12-16,-58.8574817,-27.4748002
11,B8A,0.02956236728156606,2024-12-16,-58.8574817,-27.4748002
11,B11,0.02405027019429124,2024-12-16,-58.8574817,-27.4748002
11,B12,0.01848671378360854,2024-12-16,-58.8574817,-27.4748002
12,B01,0.04883162366847197,2024-12-16,-58.8599399,-27.473679
12,B02,0.05902409077518516,2024-12-16,-58.8599399,-27.473679
12,B03,0.07901013849510087,2024-12-16,-58.8599399,-27.473679
12,B04,0.06691352505650786,2024-12-16,-58.8599399,-27.473679
12,B05,0.05383754397432009,2024-12-16,-58.8599399,-27.473679
12,B06,0.04723726492375135,2024-12-16,-58.8599399,-27.473679
12,B07,0.04408928927861982,2024-12-16,-58.8599399,-27.473679
12,B08,0.04107944561272032,2024-12-16,-58.8599399,-27.473679
12,B8A,0.04295100530402528,2024-12-16,-58.8599399,-27.473679
12,B11,0.03557056861205233,2024-12-16,-58.8599399,-27.473679
12,B12,0.03128788687495722,2024-12-16,-58.8599399,-27.473679
13,B01,0.04328321913878123,2024-12-16,-58.8645091,-27.4684081
13,B02,0.05484343982405133,2024-12-16,-58.8645091,-27.4684081
13,B03,0.09475584824879964,2024-12-16,-58.8645091,-27.4684081
13,B04,0.09632729573382272,2024-12-16,-58.8645091,-27.4684081
13,B05,0.07296663439936107,2024-12-16,-58.8645091,-27.4684081
13,B06,0.03133190402554141,2024-12-16,-58.8645091,-27.4684081
13,B07,0.03308190198408232,2024-12-16,-58.8645091,-27.4684081
13,B08,0.02421510985328091,2024-12-16,-58.8645091,-27.4684081
13,B8A,0.01884219298760096,2024-12-16,-58.8645091,-27.4684081
13,B11,0.00147834753928085,2024-12-16,-58.8645091,-27.4684081
13,B12,7.943553403796008e-6,2024-12-16,-58.8645091,-27.4684081
14,B01,0.09360153476397196,2024-12-16,-58.8678377,-27.4652393
14,B02,0.13111434297429192,2024-12-16,-58.8678377,-27.4652393
14,B03,0.1959573576847712,2024-12-16,-58.8678377,-27.4652393
14,B04,0.2552216284804874,2024-12-16,-58.8678377,-27.4652393
14,B05,0.2435370203521517,2024-12-16,-58.8678377,-27.4652393
14,B06,0.1896267616086536,2024-12-16,-58.8678377,-27.4652393
14,B07,0.1991720050573349,2024-12-16,-58.8678377,-27.4652393
14,B08,0.17662876844406128,2024-12-16,-58.8678377,-27.4652393
14,B8A,0.1525156729751163,2024-12-16,-58.8678377,-27.4652393
14,B11,0.05203552668293317,2024-12-16,-58.8678377,-27.4652393
14,B12,0.04492389441778263,2024-12-16,-58.8678377,-27.4652393
1,B01,0.03542391562627421,2025-06-09,-58.8680992,-27.4643763
1,B02,0.03464132806079255,2025-06-09,-58.8680992,-27.4643763
1,B03,0.0572219043970108,2025-06-09,-58.8680992,-27.4643763
1,B04,0.08605152823858792,2025-06-09,-58.8680992,-27.4643763
1,B05,0.09620641213324337,2025-06-09,-58.8680992,-27.4643763
1,B06,0.0689265016052458,2025-06-09,-58.8680992,-27.4643763
1,B07,0.06872707688146168,2025-06-09,-58.8680992,-27.4643763
1,B08,0.04913382408105665,2025-06-09,-58.8680992,-27.4643763
1,B8A,0.05400092630750603,2025-06-09,-58.8680992,-27.4643763
1,B11,0.03636271466449317,2025-06-09,-58.8680992,-27.4643763
1,B12,0.03354260422444592,2025-06-09,-58.8680992,-27.4643763
2,B01,0.03542391562627421,2025-06-09,-58.8680992,-27.4643763
2,B02,0.03464132806079255,2025-06-09,-58.8680992,-27.4643763
2,B03,0.0572219043970108,2025-06-09,-58.8680992,-27.4643763
2,B04,0.08605152823858792,2025-06-09,-58.8680992,-27.4643763
2,B05,0.09620641213324337,2025-06-09,-58.8680992,-27.4643763
2,B06,0.0689265016052458,2025-06-09,-58.8680992,-27.4643763
2,B07,0.06872707688146168,2025-06-09,-58.8680992,-27.4643763
2,B08,0.04913382408105665,2025-06-09,-58.8680992,-27.4643763
2,B8A,0.05400092630750603,2025-06-09,-58.8680992,-27.4643763
2,B11,0.03636271466449317,2025-06-09,-58.8680992,-27.4643763
2,B12,0.03354260422444592,2025-06-09,-58.8680992,-27.4643763
3,B01,0.01822381466627121,2025-06-09,-58.8667997,-27.465176
3,B02,0.03162188414070341,2025-06-09,-58.8667997,-27.465176
3,B03,0.05840765477882491,2025-06-09,-58.8667997,-27.465176
3,B04,0.09330713997284572,2025-06-09,-58.8667997,-27.465176
3,B05,0.09621844357914394,2025-06-09,-58.8667997,-27.465176
3,B06,0.06094633870654636,2025-06-09,-58.8667997,-27.465176
3,B07,0.064776369267039835,2025-06-09,-58.8667997,-27.465176
3,B08,0.05403889384534624,2025-06-09,-58.8667997,-27.465176
3,B8A,0.0398236359986994,2025-06-09,-58.8667997,-27.465176
3,B11,8.488603570084604e-4,2025-06-09,-58.8667997,-27.465176
3,B12,9.094324842509296e-5,2025-06-09,-58.8667997,-27.465176
4,B01,0.01931709258092774,2025-06-09,-58.8660865,-27.4656671
4,B02,0.03304672924180826,2025-06-09,-58.8660865,-27.4656671
4,B03,0.05866149150662952,2025-06-09,-58.8660865,-27.4656671
4,B04,0.09326538112428454,2025-06-09,-58.8660865,-27.4656671
4,B05,0.09811999317672518,2025-06-09,-58.8660865,-27.4656671
4,B06,0.0634158162607087,2025-06-09,-58.8660865,-27.4656671
4,B07,0.06546379708581501,2025-06-09,-58.8660865,-27.4656671
4,B08,0.05618082649177975,2025-06-09,-58.8660865,-27.4656671
4,B8A,0.04333842173218727,2025-06-09,-58.8660865,-27.4656671
4,B11,0.00126075201357404,2025-06-09,-58.8660865,-27.4656671
4,B12,1.031882226622353e-4,2025-06-09,-58.8660865,-27.4656671
5,B01,0.01974058854911062,2025-06-09,-58.8655524,-27.4662249
5,B02,0.0349397539264626,2025-06-09,-58.8655524,-27.4662249
5,B03,0.06136816864212354,2025-06-09,-58.8655524,-27.4662249
5,B04,0.09329177273644342,2025-06-09,-58.8655524,-27.4662249
5,B05,0.09346959822707708,2025-06-09,-58.8655524,-27.4662249
5,B06,0.05549031785792775,2025-06-09,-58.8655524,-27.4662249
5,B07,0.057146189113458,2025-06-09,-58.8655524,-27.4662249
5,B08,0.04894437806473838,2025-06-09,-58.8655524,-27.4662249
5,B8A,0.03946323568622271,2025-06-09,-58.8655524,-27.4662249
5,B11,0.00174118613358587,2025-06-09,-58.8655524,-27.4662249
5,B12,0,2025-06-09,-58.8655524,-27.4662249
6,B01,0.02054118116696675,2025-06-09,-58.8650405,-27.4667455
6,B02,0.03407079353928566,2025-06-09,-58.8650405,-27.4667455
6,B03,0.06167758794294463,2025-06-09,-58.8650405,-27.4667455
6,B04,0.09084562874502604,2025-06-09,-58.8650405,-27.4667455
6,B05,0.08920231875446108,2025-06-09,-58.8650405,-27.4667455
6,B06,0.05346569791436195,2025-06-09,-58.8650405,-27.4667455
6,B07,0.05321470192737049,2025-06-09,-58.8650405,-27.4667455
6,B08,0.045924155248536,2025-06-09,-58.8650405,-27.4667455
6,B8A,0.03040025610890653,2025-06-09,-58.8650405,-27.4667455
6,B11,0.00205841329362657,2025-06-09,-58.8650405,-27.4667455
6,B12,0,2025-06-09,-58.8650405,-27.4667455
7,B01,0.01931408440901173,2025-06-09,-58.8643696,-27.467281
7,B02,0.03376167143384615,2025-06-09,-58.8643696,-27.467281
7,B03,0.06035585411720805,2025-06-09,-58.8643696,-27.467281
7,B04,0.08828575743569268,2025-06-09,-58.8643696,-27.467281
7,B05,0.08438044289747874,2025-06-09,-58.8643696,-27.467281
7,B06,0.04557290838824378,2025-06-09,-58.8643696,-27.467281
7,B07,0.04935920155710644,2025-06-09,-58.8643696,-27.467281
7,B08,0.04359837373097738,2025-06-09,-58.8643696,-27.467281
7,B8A,0.02771986068950759,2025-06-09,-58.8643696,-27.467281
7,B11,4.61347795660711e-4,2025-06-09,-58.8643696,-27.467281
7,B12,6.719031888577674e-5,2025-06-09,-58.8643696,-27.467281
8,B01,0.01926795476012759,2025-06-09,-58.8638821,-27.4677915
8,B02,0.03297314730783304,2025-06-09,-58.8638821,-27.4677915
8,B03,0.06071254114309946,2025-06-09,-58.8638821,-27.4677915
8,B04,0.085799274345239,2025-06-09,-58.8638821,-27.4677915
8,B05,0.08177136878172557,2025-06-09,-58.8638821,-27.4677915
8,B06,0.04314478486776352,2025-06-09,-58.8638821,-27.4677915
8,B07,0.04455175623297691,2025-06-09,-58.8638821,-27.4677915
8,B08,0.03675098179115189,2025-06-09,-58.8638821,-27.4677915
8,B8A,0.02619845109681288,2025-06-09,-58.8638821,-27.4677915
8,B11,9.65652835374284e-4,2025-06-09,-58.8638821,-27.4677915
8,B12,1.0242893282944958e-4,2025-06-09,-58.8638821,-27.4677915
9,B01,0.01996376841432518,2025-06-09,-58.8633339,-27.4683995
9,B02,0.03440299505988756,2025-06-09,-58.8633339,-27.4683995
9,B03,0.06083582258886761,2025-06-09,-58.8633339,-27.4683995
9,B04,0.0808599657482571,2025-06-09,-58.8633339,-27.4683995
9,B05,0.07418206416898304,2025-06-09,-58.8633339,-27.4683995
9,B06,0.03683632032738791,2025-06-09,-58.8633339,-27.4683995
9,B07,0.03923365804884168,2025-06-09,-58.8633339,-27.4683995
9,B08,0.03118706432481606,2025-06-09,-58.8633339,-27.4683995
9,B8A,0.02015769419570763,2025-06-09,-58.8633339,-27.4683995
9,B11,0.00140605603034297,2025-06-09,-58.8633339,-27.4683995
9,B12,0,2025-06-09,-58.8633339,-27.4683995
10,B01,0.01978456498020225,2025-06-09,-58.8628957,-27.469026
10,B02,0.03433319181203842,2025-06-09,-58.8628957,-27.469026
10,B03,0.05998698125282923,2025-06-09,-58.8628957,-27.469026
10,B04,0.07687694082657497,2025-06-09,-58.8628957,-27.469026
10,B05,0.06902598175737593,2025-06-09,-58.8628957,-27.469026
10,B06,0.03135780265761746,2025-06-09,-58.8628957,-27.469026
10,B07,0.03338314406573772,2025-06-09,-58.8628957,-27.469026
10,B08,0.02656074923773606,2025-06-09,-58.8628957,-27.469026
10,B8A,0.01605382292634911,2025-06-09,-58.8628957,-27.469026
10,B11,0.00187135469685826,2025-06-09,-58.8628957,-27.469026
10,B12,3.0338267808676595e-5,2025-06-09,-58.8628957,-27.469026
11,B01,0.02107016369700431,2025-06-09,-58.8619898,-27.4702427
11,B02,0.03341383569770389,2025-06-09,-58.8619898,-27.4702427
11,B03,0.05817090016272333,2025-06-09,-58.8619898,-27.4702427
11,B04,0.06639823731448916,2025-06-09,-58.8619898,-27.4702427
11,B05,0.05665513955884509,2025-06-09,-58.8619898,-27.4702427
11,B06,0.02357690429521931,2025-06-09,-58.8619898,-27.4702427
11,B07,0.02261878694925043,2025-06-09,-58.8619898,-27.4702427
11,B08,0.01884172567062907,2025-06-09,-58.8619898,-27.4702427
11,B8A,0.01200799809561835,2025-06-09,-58.8619898,-27.4702427
11,B11,0.00119327440754407,2025-06-09,-58.8619898,-27.4702427
11,B12,0,2025-06-09,-58.8619898,-27.4702427
12,B01,0.02045695504380597,2025-06-09,-58.8608351,-27.4709679
12,B02,0.03243370209303167,2025-06-09,-58.8608351,-27.4709679
12,B03,0.05598046961757871,2025-06-09,-58.8608351,-27.4709679
12,B04,0.05540401405758328,2025-06-09,-58.8608351,-27.4709679
12,B05,0.04354365832275814,2025-06-09,-58.8608351,-27.4709679
12,B06,0.01646007628490527,2025-06-09,-58.8608351,-27.4709679
12,B07,0.01821618547870053,2025-06-09,-58.8608351,-27.4709679
12,B08,0.01481180876079532,2025-06-09,-58.8608351,-27.4709679
12,B8A,0.0087146403061019,2025-06-09,-58.8608351,-27.4709679
12,B11,7.820856343540881e-5,2025-06-09,-58.8608351,-27.4709679
12,B12,6.476933970892181e-4,2025-06-09,-58.8608351,-27.4709679
13,B01,0.01892479881644249,2025-06-09,-58.860182,-27.4719335
13,B02,0.03083850919372505,2025-06-09,-58.860182,-27.4719335
13,B03,0.05099414371781879,2025-06-09,-58.860182,-27.4719335
13,B04,0.04092040285468101,2025-06-09,-58.860182,-27.4719335
13,B05,0.03020082703895039,2025-06-09,-58.860182,-27.4719335
13,B06,0.01267660047031111,2025-06-09,-58.860182,-27.4719335
13,B07,0.01159254523615042,2025-06-09,-58.860182,-27.4719335
13,B08,0.01011440478679206,2025-06-09,-58.860182,-27.4719335
13,B8A,0.00558277152271734,2025-06-09,-58.860182,-27.4719335
13,B11,2.846027944340474e-4,2025-06-09,-58.860182,-27.4719335
13,B12,2.7560700740044314e-4,2025-06-09,-58.860182,-27.4719335
14,B01,0.01970434892508718,2025-06-09,-58.8590467,-27.4731124
14,B02,0.02785316647754775,2025-06-09,-58.8590467,-27.4731124
14,B03,0.04805380437109205,2025-06-09,-58.8590467,-27.4731124
14,B04,0.03145813279681735,2025-06-09,-58.8590467,-27.4731124
14,B05,0.02170078539186053,2025-06-09,-58.8590467,-27.4731124
14,B06,0.00899723534368806,2025-06-09,-58.8590467,-27.4731124
14,B07,0.00861378391790721,2025-06-09,-58.8590467,-27.4731124
14,B08,0.00778722949326038,2025-06-09,-58.8590467,-27.4731124
14,B8A,0.00585897328952948,2025-06-09,-58.8590467,-27.4731124
14,B11,0.00132946908868487,2025-06-09,-58.8590467,-27.4731124
14,B12,0,2025-06-09,-58.8590467,-27.4731124
15,B01,0.01953489768008391,2025-06-09,-58.858122,-27.4735954
15,B02,0.029551808411876362,2025-06-09,-58.858122,-27.4735954
15,B03,0.04551120143797663,2025-06-09,-58.858122,-27.4735954
15,B04,0.02912781594528092,2025-06-09,-58.858122,-27.4735954
15,B05,0.01962561594943205,2025-06-09,-58.858122,-27.4735954
15,B06,0.00909455224043793,2025-06-09,-58.858122,-27.4735954
15,B07,0.0095218289643526,2025-06-09,-58.858122,-27.4735954
15,B08,0.00728462605426708,2025-06-09,-58.858122,-27.4735954
15,B8A,0.00693251854843563,2025-06-09,-58.858122,-27.4735954
15,B11,0.00211243952314058,2025-06-09,-58.858122,-27.4735954
15,B12,0,2025-06-09,-58.858122,-27.4735954
16,B01,0.01874402372373475,2025-06-09,-58.8572993,-27.4739893
16,B02,0.02745001721713278,2025-06-09,-58.8572993,-27.4739893
16,B03,0.04497965259684457,2025-06-09,-58.8572993,-27.4739893
16,B04,0.02804008622964223,2025-06-09,-58.8572993,-27.4739893
16,B05,0.018780584136645,2025-06-09,-58.8572993,-27.4739893
16,B06,0.00769279105588793,2025-06-09,-58.8572993,-27.4739893
16,B07,0.00757105379468864,2025-06-09,-58.8572993,-27.4739893
16,B08,0.00762323688508735,2025-06-09,-58.8572993,-27.4739893
16,B8A,0.00330489267232931,2025-06-09,-58.8572993,-27.4739893
16,B11,0.00177282345895138,2025-06-09,-58.8572993,-27.4739893
16,B12,1.1202228617750936e-4,2025-06-09,-58.8572993,-27.4739893
1,B01,0.03151063828004731,2025-09-12,-58.8679979,-27.4642555
1,B02,0.03440352896642354,2025-09-12,-58.8679979,-27.4642555
1,B03,0.05720445803470082,2025-09-12,-58.8679979,-27.4642555
1,B04,0.07031775638461113,2025-09-12,-58.8679979,-27.4642555
1,B05,0.05772573169734743,2025-09-12,-58.8679979,-27.4642555
1,B06,0.030737140733334754,2025-09-12,-58.8679979,-27.4642555
1,B07,0.030019504794230063,2025-09-12,-58.8679979,-27.4642555
1,B08,0.030736764065093465,2025-09-12,-58.8679979,-27.4642555
1,B8A,0.02471844616553022,2025-09-12,-58.8679979,-27.4642555
1,B11,0.02081415517669585,2025-09-12,-58.8679979,-27.4642555
1,B12,0.02809592957297961,2025-09-12,-58.8679979,-27.4642555
2,B01,0.01654766106771098,2025-09-12,-58.867435,-27.4646958
2,B02,0.02765828578008546,2025-09-12,-58.867435,-27.4646958
2,B03,0.052398208528757095,2025-09-12,-58.867435,-27.4646958
2,B04,0.06834053579303953,2025-09-12,-58.867435,-27.4646958
2,B05,0.0593439680006769,2025-09-12,-58.867435,-27.4646958
2,B06,0.029001794962419405,2025-09-12,-58.867435,-27.4646958
2,B07,0.02772010262641642,2025-09-12,-58.867435,-27.4646958
2,B08,0.024667641147971153,2025-09-12,-58.867435,-27.4646958
2,B8A,0.015345655588640107,2025-09-12,-58.867435,-27.4646958
2,B11,0.0010446597589179873,2025-09-12,-58.867435,-27.4646958
2,B12,2.75857196862085e-5,2025-09-12,-58.867435,-27.4646958
3,B01,0.01778857885963387,2025-09-12,-58.8667423,-27.4652295
3,B02,0.03017939565082391,2025-09-12,-58.8667423,-27.4652295
3,B03,0.053854186087846756,2025-09-12,-58.8667423,-27.4652295
3,B04,0.06871744907564586,2025-09-12,-58.8667423,-27.4652295
3,B05,0.05884863808751106,2025-09-12,-58.8667423,-27.4652295
3,B06,0.027492123759455152,2025-09-12,-58.8667423,-27.4652295
3,B07,0.028520336995522182,2025-09-12,-58.8667423,-27.4652295
3,B08,0.02333668226169215,2025-09-12,-58.8667423,-27.4652295
3,B8A,0.017025215240816276,2025-09-12,-58.8667423,-27.4652295
3,B11,0.003143366271009048,2025-09-12,-58.8667423,-27.4652295
3,B12,0,2025-09-12,-58.8667423,-27.4652295
4,B01,0.01813029394381576,2025-09-12,-58.866003,-27.46574
4,B02,0.03033380438056257,2025-09-12,-58.866003,-27.46574
4,B03,0.05444363007942835,2025-09-12,-58.866003,-27.46574
4,B04,0.06448055969344245,2025-09-12,-58.866003,-27.46574
4,B05,0.05636530038383272,2025-09-12,-58.866003,-27.46574
4,B06,0.024509683665302064,2025-09-12,-58.866003,-27.46574
4,B07,0.024240133869979117,2025-09-12,-58.866003,-27.46574
4,B08,0.019012022556530103,2025-09-12,-58.866003,-27.46574
4,B8A,0.013365538066460026,2025-09-12,-58.866003,-27.46574
4,B11,0.0017628302513104347,2025-09-12,-58.866003,-27.46574
4,B12,1.2297330916529367e-4,2025-09-12,-58.866003,-27.46574
5,B01,0.016986375467644796,2025-09-12,-58.8654451,-27.4662148
5,B02,0.029593782913353708,2025-09-12,-58.8654451,-27.4662148
5,B03,0.05337331940730413,2025-09-12,-58.8654451,-27.4662148
5,B04,0.06088229020436605,2025-09-12,-58.8654451,-27.4662148
5,B05,0.04859734574953715,2025-09-12,-58.8654451,-27.4662148
5,B06,0.019590899762180116,2025-09-12,-58.8654451,-27.4662148
5,B07,0.018897739549477894,2025-09-12,-58.8654451,-27.4662148
5,B08,0.01683490640587277,2025-09-12,-58.8654451,-27.4662148
5,B8A,0.009866523815111982,2025-09-12,-58.8654451,-27.4662148
5,B11,7.871333509683609e-4,2025-09-12,-58.8654451,-27.4662148
5,B12,2.4437592623548373e-4,2025-09-12,-58.8654451,-27.4662148
6,B01,0.016903321362204023,2025-09-12,-58.8648135,-27.4668458
6,B02,0.030472773644659255,2025-09-12,-58.8648135,-27.4668458
6,B03,0.0543664006723298,2025-09-12,-58.8648135,-27.4668458
6,B04,0.0581002603802416,2025-09-12,-58.8648135,-27.4668458
6,B05,0.04580518272187975,2025-09-12,-58.8648135,-27.4668458
6,B06,0.018605337374740176,2025-09-12,-58.8648135,-27.4668458
6,B07,0.01843299013045099,2025-09-12,-58.8648135,-27.4668458
6,B08,0.015746251679956913,2025-09-12,-58.8648135,-27.4668458
6,B8A,0.01025931423323022,2025-09-12,-58.8648135,-27.4668458
6,B11,7.741690302888552e-4,2025-09-12,-58.8648135,-27.4668458
6,B12,3.162156192249515e-4,2025-09-12,-58.8648135,-27.4668458
7,B01,0.01565072675132089,2025-09-12,-58.8639324,-27.4671757
7,B02,0.01556714427553945,2025-09-12,-58.8639324,-27.4671757
7,B03,0.028926243022498157,2025-09-12,-58.8639324,-27.4671757
7,B04,0.026504733134061098,2025-09-12,-58.8639324,-27.4671757
7,B05,0.022176186554133892,2025-09-12,-58.8639324,-27.4671757
7,B06,0.00927333745898472,2025-09-12,-58.8639324,-27.4671757
7,B07,0.009189349418092106,2025-09-12,-58.8639324,-27.4671757
7,B08,0.004340708540338609,2025-09-12,-58.8639324,-27.4671757
7,B8A,0.0037938434058257067,2025-09-12,-58.8639324,-27.4671757
7,B11,9.89845126039452e-4,2025-09-12,-58.8639324,-27.4671757
7,B12,4.4647671489251987e-4,2025-09-12,-58.8639324,-27.4671757
8,B01,0.018249880108568404,2025-09-12,-58.8635844,-27.4677546
8,B02,0.028878166650732357,2025-09-12,-58.8635844,-27.4677546
8,B03,0.05185312281052271,2025-09-12,-58.8635844,-27.4677546
8,B04,0.047734198056989245,2025-09-12,-58.8635844,-27.4677546
8,B05,0.03270173196991285,2025-09-12,-58.8635844,-27.4677546
8,B06,0.011888047136987248,2025-09-12,-58.8635844,-27.4677546
8,B07,0.010562602016660903,2025-09-12,-58.8635844,-27.4677546
8,B08,0.00974737899377942,2025-09-12,-58.8635844,-27.4677546
8,B8A,0.006032097321521077,2025-09-12,-58.8635844,-27.4677546
8,B11,0,2025-09-12,-58.8635844,-27.4677546
8,B12,4.8086307166765135e-4,2025-09-12,-58.8635844,-27.4677546
9,B01,0.017057890072464943,2025-09-12,-58.86294,-27.4684694
9,B02,0.02989828172657225,2025-09-12,-58.86294,-27.4684694
9,B03,0.05533141684201029,2025-09-12,-58.86294,-27.4684694
9,B04,0.04492823282877604,2025-09-12,-58.86294,-27.4684694
9,B05,0.03134540240797731,2025-09-12,-58.86294,-27.4684694
9,B06,0.015423399913642142,2025-09-12,-58.86294,-27.4684694
9,B07,0.011976521669162644,2025-09-12,-58.86294,-27.4684694
9,B08,0.009610621362096734,2025-09-12,-58.86294,-27.4684694
9,B8A,0.003843956445861194,2025-09-12,-58.86294,-27.4684694
9,B11,1.382700704400324e-4,2025-09-12,-58.86294,-27.4684694
9,B12,0.0017636054091983372,2025-09-12,-58.86294,-27.4684694
10,B01,0.020404451423221164,2025-09-12,-58.8628856,-27.4693229
10,B02,0.031559595838189125,2025-09-12,-58.8628856,-27.4693229
10,B03,0.056818875587648816,2025-09-12,-58.8628856,-27.4693229
10,B04,0.04331998402873675,2025-09-12,-58.8628856,-27.4693229
10,B05,0.029382561436957784,2025-09-12,-58.8628856,-27.4693229
10,B06,0.011697890133493476,2025-09-12,-58.8628856,-27.4693229
10,B07,0.010894605993396707,2025-09-12,-58.8628856,-27.4693229
10,B08,0.008476434016807212,2025-09-12,-58.8628856,-27.4693229
10,B8A,0.007328000178353654,2025-09-12,-58.8628856,-27.4693229
10,B11,0.0015391434103043543,2025-09-12,-58.8628856,-27.4693229
10,B12,0,2025-09-12,-58.8628856,-27.4693229
11,B01,0.0201531487206618,2025-09-12,-58.8618802,-27.4702215
11,B02,0.03211252142985662,2025-09-12,-58.8618802,-27.4702215
11,B03,0.056999531057145864,2025-09-12,-58.8618802,-27.4702215
11,B04,0.04124128073453903,2025-09-12,-58.8618802,-27.4702215
11,B05,0.026902344905667834,2025-09-12,-58.8618802,-27.4702215
11,B06,0.008640685894836983,2025-09-12,-58.8618802,-27.4702215
11,B07,0.01002641384386354,2025-09-12,-58.8618802,-27.4702215
11,B08,0.00802544623406397,2025-09-12,-58.8618802,-27.4702215
11,B8A,0.005870750380886925,2025-09-12,-58.8618802,-27.4702215
11,B11,9.308652952313423e-4,2025-09-12,-58.8618802,-27.4702215
11,B12,1.6212496363247433e-4,2025-09-12,-58.8618802,-27.4702215
12,B01,0.021286175689763494,2025-09-12,-58.8611127,-27.4710116
12,B02,0.032346711597508855,2025-09-12,-58.8611127,-27.4710116
12,B03,0.058993596169683665,2025-09-12,-58.8611127,-27.4710116
12,B04,0.04145381268527773,2025-09-12,-58.8611127,-27.4710116
12,B05,0.02697584902246793,2025-09-12,-58.8611127,-27.4710116
12,B06,0.010112798979712857,2025-09-12,-58.8611127,-27.4710116
12,B07,0.009502126524845758,2025-09-12,-58.8611127,-27.4710116
12,B08,0.006649987565146552,2025-09-12,-58.8611127,-27.4710116
12,B8A,0.006023754262261921,2025-09-12,-58.8611127,-27.4710116
12,B11,0.0012904855539090931,2025-09-12,-58.8611127,-27.4710116
12,B12,0,2025-09-12,-58.8611127,-27.4710116
13,B01,0.022158116723100345,2025-09-12,-58.8600033,-27.4721777
13,B02,0.033407040768199496,2025-09-12,-58.8600033,-27.4721777
13,B03,0.060330903778473534,2025-09-12,-58.8600033,-27.4721777
13,B04,0.04205738173590766,2025-09-12,-58.8600033,-27.4721777
13,B05,0.028131825435492728,2025-09-12,-58.8600033,-27.4721777
13,B06,0.010251670454939207,2025-09-12,-58.8600033,-27.4721777
13,B07,0.008789397051764859,2025-09-12,-58.8600033,-27.4721777
13,B08,0.00825966460009416,2025-09-12,-58.8600033,-27.4721777
13,B8A,0.004516682070162561,2025-09-12,-58.8600033,-27.4721777
13,B11,0.0012687873002303401,2025-09-12,-58.8600033,-27.4721777
13,B12,6.838388637536102e-5,2025-09-12,-58.8600033,-27.4721777
14,B01,0.022434163217743237,2025-09-12,-58.8590099,-27.4729996
14,B02,0.03311132018764814,2025-09-12,-58.8590099,-27.4729996
14,B03,0.06029262559281455,2025-09-12,-58.8590099,-27.4729996
14,B04,0.042572607596715294,2025-09-12,-58.8590099,-27.4729996
14,B05,0.02829210025568803,2025-09-12,-58.8590099,-27.4729996
14,B06,0.008888661447498534,2025-09-12,-58.8590099,-27.4729996
14,B07,0.009488590165144868,2025-09-12,-58.8590099,-27.4729996
14,B08,0.0065799046618243056,2025-09-12,-58.8590099,-27.4729996
14,B8A,0.004826619289815426,2025-09-12,-58.8590099,-27.4729996
14,B11,0.0012863831167730193,2025-09-12,-58.8590099,-27.4729996
14,B12,0,2025-09-12,-58.8590099,-27.4729996
15,B01,0.022726134914490912,2025-09-12,-58.8580479,-27.4734527
15,B02,0.03409224500258764,2025-09-12,-58.8580479,-27.4734527
15,B03,0.060045196364323296,2025-09-12,-58.8580479,-27.4734527
15,B04,0.043327449510494866,2025-09-12,-58.8580479,-27.4734527
15,B05,0.028920888486835692,2025-09-12,-58.8580479,-27.4734527
15,B06,0.010334575548768044,2025-09-12,-58.8580479,-27.4734527
15,B07,0.01093930419948366,2025-09-12,-58.8580479,-27.4734527
15,B08,0.0093327471986413,2025-09-12,-58.8580479,-27.4734527
15,B8A,0.006262434491266807,2025-09-12,-58.8580479,-27.4734527
15,B11,0.002007798330547909,2025-09-12,-58.8580479,-27.4734527
15,B12,0,2025-09-12,-58.8580479,-27.4734527
16,B01,0.020674927367104426,2025-09-12,-58.8573774,-27.4738801
16,B02,0.03274191833204693,2025-09-12,-58.8573774,-27.4738801
16,B03,0.05893880666957961,2025-09-12,-58.8573774,-27.4738801
16,B04,0.041744722260369196,2025-09-12,-58.8573774,-27.4738801
16,B05,0.025852862124641735,2025-09-12,-58.8573774,-27.4738801
16,B06,0.00859029394470983,2025-09-12,-58.8573774,-27.4738801
16,B07,0.008074757280862994,2025-09-12,-58.8573774,-27.4738801
16,B08,0.007337578831033574,2025-09-12,-58.8573774,-27.4738801
16,B8A,0.004112081757436196,2025-09-12,-58.8573774,-27.4738801
16,B11,0.0019064549350231472,2025-09-12,-58.8573774,-27.4738801
16,B12,0,2025-09-12,-58.8573774,-27.4738801
