fecha,punto,banda,reflect,longitud,latitud
2023-05-11,1,B01,0.16128958333333332,-58.8680469,-27.4646869
2023-05-11,1,B02,0.17125555555555558,-58.8680469,-27.4646869
2023-05-11,1,B03,0.20664444444444444,-58.8680469,-27.4646869
2023-05-11,1,B04,0.25091111111111114,-58.8680469,-27.4646869
2023-05-11,1,B05,0.25805833333333333,-58.8680469,-27.4646869
2023-05-11,1,B06,0.20217013888888888,-58.8680469,-27.4646869
2023-05-11,1,B07,0.2074902777777778,-58.8680469,-27.4646869
2023-05-11,1,B08,0.1937222222222222,-58.8680469,-27.4646869
2023-05-11,1,B8A,0.1731375,-58.8680469,-27.4646869
2023-05-11,1,B11,0.11889236111111112,-58.8680469,-27.4646869
2023-05-11,1,B12,0.11546180555555556,-58.8680469,-27.4646869
2023-05-11,2,B01,0.14990555555555557,-58.8667293,-27.4663034
2023-05-11,2,B02,0.1703777777777778,-58.8667293,-27.4663034
2023-05-11,2,B03,0.20227777777777775,-58.8667293,-27.4663034
2023-05-11,2,B04,0.24268888888888887,-58.8667293,-27.4663034
2023-05-11,2,B05,0.24711527777777775,-58.8667293,-27.4663034
2023-05-11,2,B06,0.1867388888888889,-58.8667293,-27.4663034
2023-05-11,2,B07,0.18802708333333332,-58.8667293,-27.4663034
2023-05-11,2,B08,0.17554444444444445,-58.8667293,-27.4663034
2023-05-11,2,B8A,0.15937291666666667,-58.8667293,-27.4663034
2023-05-11,2,B11,0.1139923611111111,-58.8667293,-27.4663034
2023-05-11,2,B12,0.11121041666666669,-58.8667293,-27.4663034
2023-05-11,3,B01,0.14971805555555556,-58.8648886,-27.4680565
2023-05-11,3,B02,0.16725555555555555,-58.8648886,-27.4680565
2023-05-11,3,B03,0.1973222222222222,-58.8648886,-27.4680565
2023-05-11,3,B04,0.22351111111111113,-58.8648886,-27.4680565
2023-05-11,3,B05,0.21860833333333335,-58.8648886,-27.4680565
2023-05-11,3,B06,0.15929166666666666,-58.8648886,-27.4680565
2023-05-11,3,B07,0.16322847222222223,-58.8648886,-27.4680565
2023-05-11,3,B08,0.15154444444444445,-58.8648886,-27.4680565
2023-05-11,3,B8A,0.1397826388888889,-58.8648886,-27.4680565
2023-05-11,3,B11,0.11424097222222222,-58.8648886,-27.4680565
2023-05-11,3,B12,0.11293125,-58.8648886,-27.4680565
2023-05-11,4,B01,0.14844097222222222,-58.8633671,-27.4692399
2023-05-11,4,B02,0.1632888888888889,-58.8633671,-27.4692399
2023-05-11,4,B03,0.18873333333333336,-58.8633671,-27.4692399
2023-05-11,4,B04,0.19616666666666668,-58.8633671,-27.4692399
2023-05-11,4,B05,0.18385416666666668,-58.8633671,-27.4692399
2023-05-11,4,B06,0.13938819444444445,-58.8633671,-27.4692399
2023-05-11,4,B07,0.14001666666666668,-58.8633671,-27.4692399
2023-05-11,4,B08,0.1354,-58.8633671,-27.4692399
2023-05-11,4,B8A,0.1282222222222222,-58.8633671,-27.4692399
2023-05-11,4,B11,0.11560208333333331,-58.8633671,-27.4692399
2023-05-11,4,B12,0.1130965277777778,-58.8633671,-27.4692399
2023-05-11,5,B01,0.1458375,-58.8624538,-27.4705607
2023-05-11,5,B02,0.15773333333333334,-58.8624538,-27.4705607
2023-05-11,5,B03,0.17876666666666668,-58.8624538,-27.4705607
2023-05-11,5,B04,0.1739111111111111,-58.8624538,-27.4705607
2023-05-11,5,B05,0.1626,-58.8624538,-27.4705607
2023-05-11,5,B06,0.1321402777777778,-58.8624538,-27.4705607
2023-05-11,5,B07,0.13322916666666668,-58.8624538,-27.4705607
2023-05-11,5,B08,0.12665555555555558,-58.8624538,-27.4705607
2023-05-11,5,B8A,0.12454791666666667,-58.8624538,-27.4705607
2023-05-11,5,B11,0.11706944444444443,-58.8624538,-27.4705607
2023-05-11,5,B12,0.1139923611111111,-58.8624538,-27.4705607
2023-05-11,6,B01,0.14269444444444443,-58.8606621,-27.4726781
2023-05-11,6,B02,0.1510111111111111,-58.8606621,-27.4726781
2023-05-11,6,B03,0.16441111111111112,-58.8606621,-27.4726781
2023-05-11,6,B04,0.1483,-58.8606621,-27.4726781
2023-05-11,6,B05,0.13958194444444444,-58.8606621,-27.4726781
2023-05-11,6,B06,0.12437777777777778,-58.8606621,-27.4726781
2023-05-11,6,B07,0.1261590277777778,-58.8606621,-27.4726781
2023-05-11,6,B08,0.1220222222222222,-58.8606621,-27.4726781
2023-05-11,6,B8A,0.12271388888888889,-58.8606621,-27.4726781
2023-05-11,6,B11,0.11597361111111112,-58.8606621,-27.4726781
2023-05-11,6,B12,0.11519305555555556,-58.8606621,-27.4726781
2023-05-11,7,B01,0.14206944444444444,-58.8591202,-27.4733471
2023-05-11,7,B02,0.1512777777777778,-58.8591202,-27.4733471
2023-05-11,7,B03,0.1640222222222222,-58.8591202,-27.4733471
2023-05-11,7,B04,0.1466777777777778,-58.8591202,-27.4733471
2023-05-11,7,B05,0.1388201388888889,-58.8591202,-27.4733471
2023-05-11,7,B06,0.12352986111111112,-58.8591202,-27.4733471
2023-05-11,7,B07,0.12599236111111112,-58.8591202,-27.4733471
2023-05-11,7,B08,0.12345555555555555,-58.8591202,-27.4733471
2023-05-11,7,B8A,0.1217638888888889,-58.8591202,-27.4733471
2023-05-11,7,B11,0.11763819444444444,-58.8591202,-27.4733471
2023-05-11,7,B12,0.11659791666666668,-58.8591202,-27.4733471
2023-05-11,8,B01,0.15412361111111111,-58.857019,-27.4740568
2023-05-11,8,B02,0.15634444444444442,-58.857019,-27.4740568
2023-05-11,8,B03,0.16863333333333333,-58.857019,-27.4740568
2023-05-11,8,B04,0.1535,-58.857019,-27.4740568
2023-05-11,8,B05,0.1462013888888889,-58.857019,-27.4740568
2023-05-11,8,B06,0.1311673611111111,-58.857019,-27.4740568
2023-05-11,8,B07,0.13489444444444443,-58.857019,-27.4740568
2023-05-11,8,B08,0.134,-58.857019,-27.4740568
2023-05-11,8,B8A,0.1296576388888889,-58.857019,-27.4740568
2023-05-11,8,B11,0.13028402777777778,-58.857019,-27.4740568
2023-05-11,8,B12,0.12830555555555556,-58.857019,-27.4740568
2023-05-11,9,B01,0.17225069444444444,-58.8682313,-27.4645328
2023-05-11,9,B02,0.1772111111111111,-58.8682313,-27.4645328
2023-05-11,9,B03,0.20935555555555557,-58.8682313,-27.4645328
2023-05-11,9,B04,0.2500222222222222,-58.8682313,-27.4645328
2023-05-11,9,B05,0.26403333333333334,-58.8682313,-27.4645328
2023-05-11,9,B06,0.21152569444444444,-58.8682313,-27.4645328
2023-05-11,9,B07,0.2164881944444444,-58.8682313,-27.4645328
2023-05-11,9,B08,0.19621111111111111,-58.8682313,-27.4645328
2023-05-11,9,B8A,0.18789375,-58.8682313,-27.4645328
2023-05-11,9,B11,0.1479375,-58.8682313,-27.4645328
2023-05-11,9,B12,0.14271666666666669,-58.8682313,-27.4645328
2023-05-11,10,B01,0.14978611111111112,-58.8672607,-27.4672578
2023-05-11,10,B02,0.16965555555555556,-58.8672607,-27.4672578
2023-05-11,10,B03,0.20295555555555556,-58.8672607,-27.4672578
2023-05-11,10,B04,0.24137777777777775,-58.8672607,-27.4672578
2023-05-11,10,B05,0.24444861111111113,-58.8672607,-27.4672578
2023-05-11,10,B06,0.1847256944444444,-58.8672607,-27.4672578
2023-05-11,10,B07,0.1886340277777778,-58.8672607,-27.4672578
2023-05-11,10,B08,0.17551111111111112,-58.8672607,-27.4672578
2023-05-11,10,B8A,0.1568159722222222,-58.8672607,-27.4672578
2023-05-11,10,B11,0.11267361111111111,-58.8672607,-27.4672578
2023-05-11,10,B12,0.11133958333333333,-58.8672607,-27.4672578
2023-05-11,11,B01,0.14907916666666668,-58.8647944,-27.4696977
2023-05-11,11,B02,0.16465555555555556,-58.8647944,-27.4696977
2023-05-11,11,B03,0.1923888888888889,-58.8647944,-27.4696977
2023-05-11,11,B04,0.20575555555555555,-58.8647944,-27.4696977
2023-05-11,11,B05,0.19567430555555557,-58.8647944,-27.4696977
2023-05-11,11,B06,0.14332430555555556,-58.8647944,-27.4696977
2023-05-11,11,B07,0.14526041666666667,-58.8647944,-27.4696977
2023-05-11,11,B08,0.1389,-58.8647944,-27.4696977
2023-05-11,11,B8A,0.13064930555555557,-58.8647944,-27.4696977
2023-05-11,11,B11,0.11403958333333332,-58.8647944,-27.4696977
2023-05-11,11,B12,0.11300833333333332,-58.8647944,-27.4696977
2023-05-11,12,B01,0.1458375,-58.8624538,-27.4705607
2023-05-11,12,B02,0.15773333333333334,-58.8624538,-27.4705607
2023-05-11,12,B03,0.17876666666666668,-58.8624538,-27.4705607
2023-05-11,12,B04,0.1739111111111111,-58.8624538,-27.4705607
2023-05-11,12,B05,0.1626,-58.8624538,-27.4705607
2023-05-11,12,B06,0.1321402777777778,-58.8624538,-27.4705607
2023-05-11,12,B07,0.13322916666666668,-58.8624538,-27.4705607
2023-05-11,12,B08,0.12665555555555558,-58.8624538,-27.4705607
2023-05-11,12,B8A,0.12454791666666667,-58.8624538,-27.4705607
2023-05-11,12,B11,0.11706944444444443,-58.8624538,-27.4705607
2023-05-11,12,B12,0.1139923611111111,-58.8624538,-27.4705607
2023-05-11,13,B01,0.14269444444444443,-58.8606621,-27.4726781
2023-05-11,13,B02,0.1510111111111111,-58.8606621,-27.4726781
2023-05-11,13,B03,0.16441111111111112,-58.8606621,-27.4726781
2023-05-11,13,B04,0.1483,-58.8606621,-27.4726781
2023-05-11,13,B05,0.13958194444444444,-58.8606621,-27.4726781
2023-05-11,13,B06,0.12437777777777778,-58.8606621,-27.4726781
2023-05-11,13,B07,0.1261590277777778,-58.8606621,-27.4726781
2023-05-11,13,B08,0.1220222222222222,-58.8606621,-27.4726781
2023-05-11,13,B8A,0.12271388888888889,-58.8606621,-27.4726781
2023-05-11,13,B11,0.11597361111111112,-58.8606621,-27.4726781
2023-05-11,13,B12,0.11519305555555556,-58.8606621,-27.4726781
2023-05-11,14,B01,0.14206944444444444,-58.8591202,-27.4733471
2023-05-11,14,B02,0.1512777777777778,-58.8591202,-27.4733471
2023-05-11,14,B03,0.1640222222222222,-58.8591202,-27.4733471
2023-05-11,14,B04,0.1466777777777778,-58.8591202,-27.4733471
2023-05-11,14,B05,0.1388201388888889,-58.8591202,-27.4733471
2023-05-11,14,B06,0.12352986111111112,-58.8591202,-27.4733471
2023-05-11,14,B07,0.12599236111111112,-58.8591202,-27.4733471
2023-05-11,14,B08,0.12345555555555555,-58.8591202,-27.4733471
2023-05-11,14,B8A,0.1217638888888889,-58.8591202,-27.4733471
2023-05-11,14,B11,0.11763819444444444,-58.8591202,-27.4733471
2023-05-11,14,B12,0.11659791666666668,-58.8591202,-27.4733471
2023-05-11,15,B01,0.15412361111111111,-58.857019,-27.4740568
2023-05-11,15,B02,0.15634444444444442,-58.857019,-27.4740568
2023-05-11,15,B03,0.16863333333333333,-58.857019,-27.4740568
2023-05-11,15,B04,0.1535,-58.857019,-27.4740568
2023-05-11,15,B05,0.1462013888888889,-58.857019,-27.4740568
2023-05-11,15,B06,0.1311673611111111,-58.857019,-27.4740568
2023-05-11,15,B07,0.13489444444444443,-58.857019,-27.4740568
2023-05-11,15,B08,0.134,-58.857019,-27.4740568
2023-05-11,15,B8A,0.1296576388888889,-58.857019,-27.4740568
2023-05-11,15,B11,0.13028402777777778,-58.857019,-27.4740568
2023-05-11,15,B12,0.12830555555555556,-58.857019,-27.4740568
2023-12-12,1,B01,0.21971319444444443,-58.8682645,-27.4647485
2023-12-12,1,B02,0.21504444444444443,-58.8682645,-27.4647485
2023-12-12,1,B03,0.2342444444444444,-58.8682645,-27.4647485
2023-12-12,1,B04,0.2521555555555556,-58.8682645,-27.4647485
2023-12-12,1,B05,0.25042916666666665,-58.8682645,-27.4647485
2023-12-12,1,B06,0.2074277777777778,-58.8682645,-27.4647485
2023-12-12,1,B07,0.20969305555555556,-58.8682645,-27.4647485
2023-12-12,1,B08,0.1935222222222222,-58.8682645,-27.4647485
2023-12-12,1,B8A,0.1963673611111111,-58.8682645,-27.4647485
2023-12-12,1,B11,0.19144375,-58.8682645,-27.4647485
2023-12-12,1,B12,0.1881076388888889,-58.8682645,-27.4647485
2023-12-12,2,B01,0.1909875,-58.8678045,-27.4658444
2023-12-12,2,B02,0.2028,-58.8678045,-27.4658444
2023-12-12,2,B03,0.23004444444444444,-58.8678045,-27.4658444
2023-12-12,2,B04,0.24557777777777776,-58.8678045,-27.4658444
2023-12-12,2,B05,0.2435569444444444,-58.8678045,-27.4658444
2023-12-12,2,B06,0.19469861111111111,-58.8678045,-27.4658444
2023-12-12,2,B07,0.1972951388888889,-58.8678045,-27.4658444
2023-12-12,2,B08,0.1833444444444444,-58.8678045,-27.4658444
2023-12-12,2,B8A,0.18200625,-58.8678045,-27.4658444
2023-12-12,2,B11,0.1723777777777778,-58.8678045,-27.4658444
2023-12-12,2,B12,0.16667083333333332,-58.8678045,-27.4658444
2023-12-12,3,B01,0.18627083333333333,-58.8652232,-27.4664385
2023-12-12,3,B02,0.20373333333333332,-58.8652232,-27.4664385
2023-12-12,3,B03,0.22767777777777776,-58.8652232,-27.4664385
2023-12-12,3,B04,0.24355555555555555,-58.8652232,-27.4664385
2023-12-12,3,B05,0.23542708333333337,-58.8652232,-27.4664385
2023-12-12,3,B06,0.18744375,-58.8652232,-27.4664385
2023-12-12,3,B07,0.18475972222222223,-58.8652232,-27.4664385
2023-12-12,3,B08,0.17615555555555557,-58.8652232,-27.4664385
2023-12-12,3,B8A,0.1745548611111111,-58.8652232,-27.4664385
2023-12-12,3,B11,0.16634513888888888,-58.8652232,-27.4664385
2023-12-12,3,B12,0.16143125,-58.8652232,-27.4664385
2023-12-12,4,B01,0.1827611111111111,-58.8634207,-27.4679387
2023-12-12,4,B02,0.21417777777777777,-58.8634207,-27.4679387
2023-12-12,4,B03,0.24766666666666665,-58.8634207,-27.4679387
2023-12-12,4,B04,0.25575555555555557,-58.8634207,-27.4679387
2023-12-12,4,B05,0.2456326388888889,-58.8634207,-27.4679387
2023-12-12,4,B06,0.19409375,-58.8634207,-27.4679387
2023-12-12,4,B07,0.19316875,-58.8634207,-27.4679387
2023-12-12,4,B08,0.1833555555555556,-58.8634207,-27.4679387
2023-12-12,4,B8A,0.18179305555555555,-58.8634207,-27.4679387
2023-12-12,4,B11,0.17311319444444442,-58.8634207,-27.4679387
2023-12-12,4,B12,0.16867291666666667,-58.8634207,-27.4679387
2023-12-12,5,B01,0.19160694444444443,-58.8622547,-27.4690254
2023-12-12,5,B02,0.22386666666666663,-58.8622547,-27.4690254
2023-12-12,5,B03,0.2622,-58.8622547,-27.4690254
2023-12-12,5,B04,0.26726666666666665,-58.8622547,-27.4690254
2023-12-12,5,B05,0.25593611111111114,-58.8622547,-27.4690254
2023-12-12,5,B06,0.20766458333333335,-58.8622547,-27.4690254
2023-12-12,5,B07,0.20779375,-58.8622547,-27.4690254
2023-12-12,5,B08,0.18906666666666663,-58.8622547,-27.4690254
2023-12-12,5,B8A,0.19579444444444444,-58.8622547,-27.4690254
2023-12-12,5,B11,0.19191458333333333,-58.8622547,-27.4690254
2023-12-12,5,B12,0.18396597222222225,-58.8622547,-27.4690254
2023-12-12,6,B01,0.2034416666666667,-58.8604727,-27.4707805
2023-12-12,6,B02,0.22404444444444443,-58.8604727,-27.4707805
2023-12-12,6,B03,0.2660666666666667,-58.8604727,-27.4707805
2023-12-12,6,B04,0.2691555555555556,-58.8604727,-27.4707805
2023-12-12,6,B05,0.2475659722222222,-58.8604727,-27.4707805
2023-12-12,6,B06,0.1968909722222222,-58.8604727,-27.4707805
2023-12-12,6,B07,0.19554930555555555,-58.8604727,-27.4707805
2023-12-12,6,B08,0.1864111111111111,-58.8604727,-27.4707805
2023-12-12,6,B8A,0.18598194444444444,-58.8604727,-27.4707805
2023-12-12,6,B11,0.1780027777777778,-58.8604727,-27.4707805
2023-12-12,6,B12,0.17314097222222222,-58.8604727,-27.4707805
2023-12-12,7,B01,0.19557152777777775,-58.8589498,-27.4724654
2023-12-12,7,B02,0.22306666666666664,-58.8589498,-27.4724654
2023-12-12,7,B03,0.26751111111111114,-58.8589498,-27.4724654
2023-12-12,7,B04,0.2693111111111111,-58.8589498,-27.4724654
2023-12-12,7,B05,0.25299791666666666,-58.8589498,-27.4724654
2023-12-12,7,B06,0.20236458333333332,-58.8589498,-27.4724654
2023-12-12,7,B07,0.2030423611111111,-58.8589498,-27.4724654
2023-12-12,7,B08,0.1873,-58.8589498,-27.4724654
2023-12-12,7,B8A,0.19419583333333332,-58.8589498,-27.4724654
2023-12-12,7,B11,0.1912888888888889,-58.8589498,-27.4724654
2023-12-12,7,B12,0.1835263888888889,-58.8589498,-27.4724654
2023-12-12,8,B01,0.16387291666666667,-58.8567404,-27.4734066
2023-12-12,8,B02,0.1553,-58.8567404,-27.4734066
2023-12-12,8,B03,0.1895,-58.8567404,-27.4734066
2023-12-12,8,B04,0.1904,-58.8567404,-27.4734066
2023-12-12,8,B05,0.18016180555555555,-58.8567404,-27.4734066
2023-12-12,8,B06,0.14143819444444444,-58.8567404,-27.4734066
2023-12-12,8,B07,0.1432875,-58.8567404,-27.4734066
2023-12-12,8,B08,0.13184444444444443,-58.8567404,-27.4734066
2023-12-12,8,B8A,0.13786736111111111,-58.8567404,-27.4734066
2023-12-12,8,B11,0.14479375,-58.8567404,-27.4734066
2023-12-12,8,B12,0.14130208333333333,-58.8567404,-27.4734066
2024-05-20,1,B01,0.1448090277777778,-58.8680573,-27.4644962
2024-05-20,1,B02,0.1473888888888889,-58.8680573,-27.4644962
2024-05-20,1,B03,0.1857222222222222,-58.8680573,-27.4644962
2024-05-20,1,B04,0.23257777777777777,-58.8680573,-27.4644962
2024-05-20,1,B05,0.24073055555555556,-58.8680573,-27.4644962
2024-05-20,1,B06,0.1894597222222222,-58.8680573,-27.4644962
2024-05-20,1,B07,0.19079236111111111,-58.8680573,-27.4644962
2024-05-20,1,B08,0.1766111111111111,-58.8680573,-27.4644962
2024-05-20,1,B8A,0.16129722222222223,-58.8680573,-27.4644962
2024-05-20,1,B11,0.12532222222222222,-58.8680573,-27.4644962
2024-05-20,1,B12,0.12477361111111113,-58.8680573,-27.4644962
2024-05-20,2,B01,0.12451319444444443,-58.8669696,-27.4652135
2024-05-20,2,B02,0.1444,-58.8669696,-27.4652135
2024-05-20,2,B03,0.18352222222222225,-58.8669696,-27.4652135
2024-05-20,2,B04,0.22911111111111113,-58.8669696,-27.4652135
2024-05-20,2,B05,0.2353125,-58.8669696,-27.4652135
2024-05-20,2,B06,0.18065694444444444,-58.8669696,-27.4652135
2024-05-20,2,B07,0.18323541666666668,-58.8669696,-27.4652135
2024-05-20,2,B08,0.17605555555555558,-58.8669696,-27.4652135
2024-05-20,2,B8A,0.15210069444444443,-58.8669696,-27.4652135
2024-05-20,2,B11,0.10321597222222222,-58.8669696,-27.4652135
2024-05-20,2,B12,0.10271666666666668,-58.8669696,-27.4652135
2024-05-20,3,B01,0.12270347222222222,-58.8655555,-27.4662499
2024-05-20,3,B02,0.14493333333333333,-58.8655555,-27.4662499
2024-05-20,3,B03,0.1834777777777778,-58.8655555,-27.4662499
2024-05-20,3,B04,0.22448888888888888,-58.8655555,-27.4662499
2024-05-20,3,B05,0.22700138888888888,-58.8655555,-27.4662499
2024-05-20,3,B06,0.1735986111111111,-58.8655555,-27.4662499
2024-05-20,3,B07,0.1746861111111111,-58.8655555,-27.4662499
2024-05-20,3,B08,0.16463333333333333,-58.8655555,-27.4662499
2024-05-20,3,B8A,0.14457708333333333,-58.8655555,-27.4662499
2024-05-20,3,B11,0.10070833333333332,-58.8655555,-27.4662499
2024-05-20,3,B12,0.10163611111111112,-58.8655555,-27.4662499
2024-05-20,4,B01,0.11746875,-58.8642187,-27.4673687
2024-05-20,4,B02,0.13977777777777778,-58.8642187,-27.4673687
2024-05-20,4,B03,0.17887777777777775,-58.8642187,-27.4673687
2024-05-20,4,B04,0.21608888888888889,-58.8642187,-27.4673687
2024-05-20,4,B05,0.21056597222222223,-58.8642187,-27.4673687
2024-05-20,4,B06,0.15662083333333332,-58.8642187,-27.4673687
2024-05-20,4,B07,0.15843125,-58.8642187,-27.4673687
2024-05-20,4,B08,0.1516,-58.8642187,-27.4673687
2024-05-20,4,B8A,0.13295347222222223,-58.8642187,-27.4673687
2024-05-20,4,B11,0.10139722222222222,-58.8642187,-27.4673687
2024-05-20,4,B12,0.10161041666666666,-58.8642187,-27.4673687
2024-05-20,5,B01,0.12141041666666667,-58.8628216,-27.4692696
2024-05-20,5,B02,0.1394,-58.8628216,-27.4692696
2024-05-20,5,B03,0.17728888888888888,-58.8628216,-27.4692696
2024-05-20,5,B04,0.20953333333333335,-58.8628216,-27.4692696
2024-05-20,5,B05,0.20513125,-58.8628216,-27.4692696
2024-05-20,5,B06,0.14751944444444445,-58.8628216,-27.4692696
2024-05-20,5,B07,0.1475875,-58.8628216,-27.4692696
2024-05-20,5,B08,0.1408222222222222,-58.8628216,-27.4692696
2024-05-20,5,B8A,0.12520347222222222,-58.8628216,-27.4692696
2024-05-20,5,B11,0.1007923611111111,-58.8628216,-27.4692696
2024-05-20,5,B12,0.10175416666666666,-58.8628216,-27.4692696
2024-05-20,6,B01,0.11856875,-58.8615767,-27.4704693
2024-05-20,6,B02,0.13462222222222223,-58.8615767,-27.4704693
2024-05-20,6,B03,0.1718111111111111,-58.8615767,-27.4704693
2024-05-20,6,B04,0.19821111111111112,-58.8615767,-27.4704693
2024-05-20,6,B05,0.19058680555555557,-58.8615767,-27.4704693
2024-05-20,6,B06,0.1365236111111111,-58.8615767,-27.4704693
2024-05-20,6,B07,0.13659791666666668,-58.8615767,-27.4704693
2024-05-20,6,B08,0.13174444444444444,-58.8615767,-27.4704693
2024-05-20,6,B8A,0.1211125,-58.8615767,-27.4704693
2024-05-20,6,B11,0.1017138888888889,-58.8615767,-27.4704693
2024-05-20,6,B12,0.10154652777777778,-58.8615767,-27.4704693
2024-05-20,7,B01,0.11680416666666668,-58.8598219,-27.4721863
2024-05-20,7,B02,0.13412222222222225,-58.8598219,-27.4721863
2024-05-20,7,B03,0.17214444444444443,-58.8598219,-27.4721863
2024-05-20,7,B04,0.1943111111111111,-58.8598219,-27.4721863
2024-05-20,7,B05,0.1808298611111111,-58.8598219,-27.4721863
2024-05-20,7,B06,0.1277222222222222,-58.8598219,-27.4721863
2024-05-20,7,B07,0.1279875,-58.8598219,-27.4721863
2024-05-20,7,B08,0.1239222222222222,-58.8598219,-27.4721863
2024-05-20,7,B8A,0.1137888888888889,-58.8598219,-27.4721863
2024-05-20,7,B11,0.10126666666666666,-58.8598219,-27.4721863
2024-05-20,7,B12,0.10236944444444444,-58.8598219,-27.4721863
2024-05-20,8,B01,0.1149576388888889,-58.8579279,-27.4732325
2024-05-20,8,B02,0.1321111111111111,-58.8579279,-27.4732325
2024-05-20,8,B03,0.17097777777777778,-58.8579279,-27.4732325
2024-05-20,8,B04,0.1850111111111111,-58.8579279,-27.4732325
2024-05-20,8,B05,0.170975,-58.8579279,-27.4732325
2024-05-20,8,B06,0.1219,-58.8579279,-27.4732325
2024-05-20,8,B07,0.12285972222222222,-58.8579279,-27.4732325
2024-05-20,8,B08,0.11788888888888888,-58.8579279,-27.4732325
2024-05-20,8,B8A,0.10917361111111112,-58.8579279,-27.4732325
2024-05-20,8,B11,0.10222777777777778,-58.8579279,-27.4732325
2024-05-20,8,B12,0.10338819444444444,-58.8579279,-27.4732325
2024-05-30,1,B01,0.12215555555555556,-58.8688526,-27.4651438
2024-05-30,1,B02,0.1446,-58.8688526,-27.4651438
2024-05-30,1,B03,0.18404444444444443,-58.8688526,-27.4651438
2024-05-30,1,B04,0.22762222222222225,-58.8688526,-27.4651438
2024-05-30,1,B05,0.23311111111111113,-58.8688526,-27.4651438
2024-05-30,1,B06,0.17692222222222223,-58.8688526,-27.4651438
2024-05-30,1,B07,0.1772111111111111,-58.8688526,-27.4651438
2024-05-30,1,B08,0.16896666666666668,-58.8688526,-27.4651438
2024-05-30,1,B8A,0.1487888888888889,-58.8688526,-27.4651438
2024-05-30,1,B11,0.10525555555555556,-58.8688526,-27.4651438
2024-05-30,1,B12,0.10445555555555557,-58.8688526,-27.4651438
2024-05-30,2,B01,0.12458888888888887,-58.866683,-27.4656234
2024-05-30,2,B02,0.14487777777777777,-58.866683,-27.4656234
2024-05-30,2,B03,0.1836222222222222,-58.866683,-27.4656234
2024-05-30,2,B04,0.22662222222222225,-58.866683,-27.4656234
2024-05-30,2,B05,0.23211111111111113,-58.866683,-27.4656234
2024-05-30,2,B06,0.1748222222222222,-58.866683,-27.4656234
2024-05-30,2,B07,0.1766111111111111,-58.866683,-27.4656234
2024-05-30,2,B08,0.16512222222222225,-58.866683,-27.4656234
2024-05-30,2,B8A,0.14235555555555557,-58.866683,-27.4656234
2024-05-30,2,B11,0.10188888888888888,-58.866683,-27.4656234
2024-05-30,2,B12,0.10235555555555556,-58.866683,-27.4656234
2024-05-30,3,B01,0.12465555555555556,-58.8652638,-27.4674984
2024-05-30,3,B02,0.14152222222222222,-58.8652638,-27.4674984
2024-05-30,3,B03,0.1817777777777778,-58.8652638,-27.4674984
2024-05-30,3,B04,0.21697777777777777,-58.8652638,-27.4674984
2024-05-30,3,B05,0.21731111111111112,-58.8652638,-27.4674984
2024-05-30,3,B06,0.15703333333333333,-58.8652638,-27.4674984
2024-05-30,3,B07,0.1560777777777778,-58.8652638,-27.4674984
2024-05-30,3,B08,0.14657777777777778,-58.8652638,-27.4674984
2024-05-30,3,B8A,0.1297,-58.8652638,-27.4674984
2024-05-30,3,B11,0.0999,-58.8652638,-27.4674984
2024-05-30,3,B12,0.10066666666666668,-58.8652638,-27.4674984
2024-05-30,4,B01,0.12381111111111112,-58.8635679,-27.4698467
2024-05-30,4,B02,0.13984444444444444,-58.8635679,-27.4698467
2024-05-30,4,B03,0.1797111111111111,-58.8635679,-27.4698467
2024-05-30,4,B04,0.20564444444444444,-58.8635679,-27.4698467
2024-05-30,4,B05,0.1957111111111111,-58.8635679,-27.4698467
2024-05-30,4,B06,0.13577777777777778,-58.8635679,-27.4698467
2024-05-30,4,B07,0.13672222222222222,-58.8635679,-27.4698467
2024-05-30,4,B08,0.12946666666666667,-58.8635679,-27.4698467
2024-05-30,4,B8A,0.1168777777777778,-58.8635679,-27.4698467
2024-05-30,4,B11,0.10042222222222222,-58.8635679,-27.4698467
2024-05-30,4,B12,0.10093333333333332,-58.8635679,-27.4698467
2024-05-30,5,B01,0.12186666666666668,-58.8624132,-27.4708793
2024-05-30,5,B02,0.1403888888888889,-58.8624132,-27.4708793
2024-05-30,5,B03,0.17931111111111112,-58.8624132,-27.4708793
2024-05-30,5,B04,0.1995111111111111,-58.8624132,-27.4708793
2024-05-30,5,B05,0.1854222222222222,-58.8624132,-27.4708793
2024-05-30,5,B06,0.13034444444444443,-58.8624132,-27.4708793
2024-05-30,5,B07,0.12823333333333334,-58.8624132,-27.4708793
2024-05-30,5,B08,0.1239,-58.8624132,-27.4708793
2024-05-30,5,B8A,0.11362222222222222,-58.8624132,-27.4708793
2024-05-30,5,B11,0.10076666666666666,-58.8624132,-27.4708793
2024-05-30,5,B12,0.10124444444444444,-58.8624132,-27.4708793
2024-05-30,6,B01,0.11966666666666669,-58.8606735,-27.4730282
2024-05-30,6,B02,0.13694444444444442,-58.8606735,-27.4730282
2024-05-30,6,B03,0.17775555555555556,-58.8606735,-27.4730282
2024-05-30,6,B04,0.19085555555555556,-58.8606735,-27.4730282
2024-05-30,6,B05,0.17205555555555557,-58.8606735,-27.4730282
2024-05-30,6,B06,0.1227,-58.8606735,-27.4730282
2024-05-30,6,B07,0.12032222222222222,-58.8606735,-27.4730282
2024-05-30,6,B08,0.11674444444444444,-58.8606735,-27.4730282
2024-05-30,6,B8A,0.11018888888888888,-58.8606735,-27.4730282
2024-05-30,6,B11,0.10033333333333334,-58.8606735,-27.4730282
2024-05-30,6,B12,0.10128888888888889,-58.8606735,-27.4730282
2024-05-30,7,B01,0.12036666666666668,-58.8593196,-27.473469
2024-05-30,7,B02,0.1362,-58.8593196,-27.473469
2024-05-30,7,B03,0.1766777777777778,-58.8593196,-27.473469
2024-05-30,7,B04,0.18493333333333337,-58.8593196,-27.473469
2024-05-30,7,B05,0.16573333333333332,-58.8593196,-27.473469
2024-05-30,7,B06,0.1177222222222222,-58.8593196,-27.473469
2024-05-30,7,B07,0.11667777777777778,-58.8593196,-27.473469
2024-05-30,7,B08,0.11417777777777778,-58.8593196,-27.473469
2024-05-30,7,B8A,0.10653333333333331,-58.8593196,-27.473469
2024-05-30,7,B11,0.10126666666666666,-58.8593196,-27.473469
2024-05-30,7,B12,0.10101111111111112,-58.8593196,-27.473469
2024-05-30,8,B01,0.1137888888888889,-58.8576185,-27.4742076
2024-05-30,8,B02,0.13525555555555557,-58.8576185,-27.4742076
2024-05-30,8,B03,0.17614444444444444,-58.8576185,-27.4742076
2024-05-30,8,B04,0.18152222222222225,-58.8576185,-27.4742076
2024-05-30,8,B05,0.15961111111111112,-58.8576185,-27.4742076
2024-05-30,8,B06,0.11715555555555555,-58.8576185,-27.4742076
2024-05-30,8,B07,0.11586666666666667,-58.8576185,-27.4742076
2024-05-30,8,B08,0.11292222222222222,-58.8576185,-27.4742076
2024-05-30,8,B8A,0.10654444444444444,-58.8576185,-27.4742076
2024-05-30,8,B11,0.10356666666666668,-58.8576185,-27.4742076
2024-05-30,8,B12,0.10318888888888889,-58.8576185,-27.4742076
2024-12-16,1,B01,0.28012152777777777,-58.868234,-27.4644894
2024-12-16,1,B02,0.29315555555555556,-58.868234,-27.4644894
2024-12-16,1,B03,0.36662222222222224,-58.868234,-27.4644894
2024-12-16,1,B04,0.4303333333333333,-58.868234,-27.4644894
2024-12-16,1,B05,0.4733826388888889,-58.868234,-27.4644894
2024-12-16,1,B06,0.3784472222222222,-58.868234,-27.4644894
2024-12-16,1,B07,0.3915743055555555,-58.868234,-27.4644894
2024-12-16,1,B08,0.3363555555555556,-58.868234,-27.4644894
2024-12-16,1,B8A,0.3450722222222222,-58.868234,-27.4644894
2024-12-16,1,B11,0.28015208333333336,-58.868234,-27.4644894
2024-12-16,1,B12,0.2872534722222222,-58.868234,-27.4644894
2024-12-16,2,B01,0.21796458333333335,-58.8676694,-27.4653045
2024-12-16,2,B02,0.24731111111111112,-58.8676694,-27.4653045
2024-12-16,2,B03,0.31108888888888886,-58.8676694,-27.4653045
2024-12-16,2,B04,0.375,-58.8676694,-27.4653045
2024-12-16,2,B05,0.3867451388888889,-58.8676694,-27.4653045
2024-12-16,2,B06,0.29333333333333333,-58.8676694,-27.4653045
2024-12-16,2,B07,0.29765694444444446,-58.8676694,-27.4653045
2024-12-16,2,B08,0.2750222222222222,-58.8676694,-27.4653045
2024-12-16,2,B8A,0.24618333333333337,-58.8676694,-27.4653045
2024-12-16,2,B11,0.14857708333333333,-58.8676694,-27.4653045
2024-12-16,2,B12,0.14302361111111112,-58.8676694,-27.4653045
2024-12-16,3,B01,0.21233819444444443,-58.8663692,-27.4661351
2024-12-16,3,B02,0.24608888888888888,-58.8663692,-27.4661351
2024-12-16,3,B03,0.30906666666666666,-58.8663692,-27.4661351
2024-12-16,3,B04,0.3640222222222222,-58.8663692,-27.4661351
2024-12-16,3,B05,0.37245,-58.8663692,-27.4661351
2024-12-16,3,B06,0.2726340277777778,-58.8663692,-27.4661351
2024-12-16,3,B07,0.2775652777777778,-58.8663692,-27.4661351
2024-12-16,3,B08,0.25491111111111114,-58.8663692,-27.4661351
2024-12-16,3,B8A,0.22442708333333336,-58.8663692,-27.4661351
2024-12-16,3,B11,0.15016944444444444,-58.8663692,-27.4661351
2024-12-16,3,B12,0.1461340277777778,-58.8663692,-27.4661351
2024-12-16,4,B01,0.19339791666666667,-58.8653543,-27.4676448
2024-12-16,4,B02,0.19854444444444444,-58.8653543,-27.4676448
2024-12-16,4,B03,0.2538,-58.8653543,-27.4676448
2024-12-16,4,B04,0.28588888888888886,-58.8653543,-27.4676448
2024-12-16,4,B05,0.28283125,-58.8653543,-27.4676448
2024-12-16,4,B06,0.18846666666666667,-58.8653543,-27.4676448
2024-12-16,4,B07,0.18904583333333333,-58.8653543,-27.4676448
2024-12-16,4,B08,0.17558888888888888,-58.8653543,-27.4676448
2024-12-16,4,B8A,0.15890833333333332,-58.8653543,-27.4676448
2024-12-16,4,B11,0.131575,-58.8653543,-27.4676448
2024-12-16,4,B12,0.1301298611111111,-58.8653543,-27.4676448
2024-12-16,5,B01,0.16704791666666668,-58.8643213,-27.4688362
2024-12-16,5,B02,0.17265555555555556,-58.8643213,-27.4688362
2024-12-16,5,B03,0.2109,-58.8643213,-27.4688362
2024-12-16,5,B04,0.21033333333333337,-58.8643213,-27.4688362
2024-12-16,5,B05,0.20249027777777776,-58.8643213,-27.4688362
2024-12-16,5,B06,0.15337083333333332,-58.8643213,-27.4688362
2024-12-16,5,B07,0.15351875,-58.8643213,-27.4688362
2024-12-16,5,B08,0.145,-58.8643213,-27.4688362
2024-12-16,5,B8A,0.14242222222222223,-58.8643213,-27.4688362
2024-12-16,5,B11,0.13621388888888888,-58.8643213,-27.4688362
2024-12-16,5,B12,0.1357201388888889,-58.8643213,-27.4688362
2024-12-16,6,B01,0.1630138888888889,-58.863874,-27.4697985
2024-12-16,6,B02,0.1648777777777778,-58.863874,-27.4697985
2024-12-16,6,B03,0.19586666666666663,-58.863874,-27.4697985
2024-12-16,6,B04,0.18714444444444445,-58.863874,-27.4697985
2024-12-16,6,B05,0.18077083333333333,-58.863874,-27.4697985
2024-12-16,6,B06,0.14714027777777777,-58.863874,-27.4697985
2024-12-16,6,B07,0.14702083333333332,-58.863874,-27.4697985
2024-12-16,6,B08,0.14054444444444444,-58.863874,-27.4697985
2024-12-16,6,B8A,0.14278680555555556,-58.863874,-27.4697985
2024-12-16,6,B11,0.1376138888888889,-58.863874,-27.4697985
2024-12-16,6,B12,0.13528194444444444,-58.863874,-27.4697985
2024-12-16,7,B01,0.15838958333333333,-58.8631197,-27.4713317
2024-12-16,7,B02,0.16016666666666668,-58.8631197,-27.4713317
2024-12-16,7,B03,0.18288888888888888,-58.8631197,-27.4713317
2024-12-16,7,B04,0.17165555555555556,-58.8631197,-27.4713317
2024-12-16,7,B05,0.16773680555555556,-58.8631197,-27.4713317
2024-12-16,7,B06,0.1450034722222222,-58.8631197,-27.4713317
2024-12-16,7,B07,0.1472534722222222,-58.8631197,-27.4713317
2024-12-16,7,B08,0.1416222222222222,-58.8631197,-27.4713317
2024-12-16,7,B8A,0.1408048611111111,-58.8631197,-27.4713317
2024-12-16,7,B11,0.14010486111111112,-58.8631197,-27.4713317
2024-12-16,7,B12,0.1375326388888889,-58.8631197,-27.4713317
2024-12-16,8,B01,0.1516597222222222,-58.8603701,-27.4727798
2024-12-16,8,B02,0.15266666666666667,-58.8603701,-27.4727798
2024-12-16,8,B03,0.1746333333333333,-58.8603701,-27.4727798
2024-12-16,8,B04,0.16264444444444442,-58.8603701,-27.4727798
2024-12-16,8,B05,0.1578423611111111,-58.8603701,-27.4727798
2024-12-16,8,B06,0.1419576388888889,-58.8603701,-27.4727798
2024-12-16,8,B07,0.1425840277777778,-58.8603701,-27.4727798
2024-12-16,8,B08,0.13975555555555558,-58.8603701,-27.4727798
2024-12-16,8,B8A,0.13796527777777778,-58.8603701,-27.4727798
2024-12-16,8,B11,0.1371409722222222,-58.8603701,-27.4727798
2024-12-16,8,B12,0.13585208333333332,-58.8603701,-27.4727798
2024-12-16,9,B01,0.15470625,-58.8594739,-27.4738798
2024-12-16,9,B02,0.16062222222222222,-58.8594739,-27.4738798
2024-12-16,9,B03,0.18017777777777777,-58.8594739,-27.4738798
2024-12-16,9,B04,0.17128888888888888,-58.8594739,-27.4738798
2024-12-16,9,B05,0.16563819444444444,-58.8594739,-27.4738798
2024-12-16,9,B06,0.15021319444444445,-58.8594739,-27.4738798
2024-12-16,9,B07,0.14969930555555558,-58.8594739,-27.4738798
2024-12-16,9,B08,0.14584444444444444,-58.8594739,-27.4738798
2024-12-16,9,B8A,0.14528333333333332,-58.8594739,-27.4738798
2024-12-16,9,B11,0.14317152777777778,-58.8594739,-27.4738798
2024-12-16,9,B12,0.1428090277777778,-58.8594739,-27.4738798
2024-12-16,10,B01,0.1570486111111111,-58.857934,-27.4743388
2024-12-16,10,B02,0.15847777777777777,-58.857934,-27.4743388
2024-12-16,10,B03,0.1785,-58.857934,-27.4743388
2024-12-16,10,B04,0.16821111111111112,-58.857934,-27.4743388
2024-12-16,10,B05,0.16541805555555555,-58.857934,-27.4743388
2024-12-16,10,B06,0.14801666666666669,-58.857934,-27.4743388
2024-12-16,10,B07,0.14929166666666668,-58.857934,-27.4743388
2024-12-16,10,B08,0.14376666666666668,-58.857934,-27.4743388
2024-12-16,10,B8A,0.14424791666666667,-58.857934,-27.4743388
2024-12-16,10,B11,0.1465,-58.857934,-27.4743388
2024-12-16,10,B12,0.14231597222222225,-58.857934,-27.4743388
2024-12-16,11,B01,0.15049583333333333,-58.8574817,-27.4748002
2024-12-16,11,B02,0.1590888888888889,-58.8574817,-27.4748002
2024-12-16,11,B03,0.17975555555555556,-58.8574817,-27.4748002
2024-12-16,11,B04,0.1686666666666667,-58.8574817,-27.4748002
2024-12-16,11,B05,0.1644409722222222,-58.8574817,-27.4748002
2024-12-16,11,B06,0.14565486111111112,-58.8574817,-27.4748002
2024-12-16,11,B07,0.14779305555555555,-58.8574817,-27.4748002
2024-12-16,11,B08,0.1445,-58.8574817,-27.4748002
2024-12-16,11,B8A,0.14559027777777778,-58.8574817,-27.4748002
2024-12-16,11,B11,0.14591597222222222,-58.8574817,-27.4748002
2024-12-16,11,B12,0.14217152777777778,-58.8574817,-27.4748002
2024-12-16,12,B01,0.16023125,-58.8599399,-27.473679
2024-12-16,12,B02,0.16612222222222223,-58.8599399,-27.473679
2024-12-16,12,B03,0.1878,-58.8599399,-27.473679
2024-12-16,12,B04,0.1758333333333333,-58.8599399,-27.473679
2024-12-16,12,B05,0.17196805555555555,-58.8599399,-27.473679
2024-12-16,12,B06,0.1543423611111111,-58.8599399,-27.473679
2024-12-16,12,B07,0.15510833333333332,-58.8599399,-27.473679
2024-12-16,12,B08,0.15205555555555555,-58.8599399,-27.473679
2024-12-16,12,B8A,0.15145277777777777,-58.8599399,-27.473679
2024-12-16,12,B11,0.14780555555555558,-58.8599399,-27.473679
2024-12-16,12,B12,0.14610208333333333,-58.8599399,-27.473679
2024-12-16,13,B01,0.17220555555555556,-58.8645091,-27.4684081
2024-12-16,13,B02,0.1827,-58.8645091,-27.4684081
2024-12-16,13,B03,0.22655555555555557,-58.8645091,-27.4684081
2024-12-16,13,B04,0.23004444444444444,-58.8645091,-27.4684081
2024-12-16,13,B05,0.21858125,-58.8645091,-27.4684081
2024-12-16,13,B06,0.15849375,-58.8645091,-27.4684081
2024-12-16,13,B07,0.1591715277777778,-58.8645091,-27.4684081
2024-12-16,13,B08,0.15133333333333332,-58.8645091,-27.4684081
2024-12-16,13,B8A,0.14683333333333332,-58.8645091,-27.4684081
2024-12-16,13,B11,0.13669166666666668,-58.8645091,-27.4684081
2024-12-16,13,B12,0.13386666666666666,-58.8645091,-27.4684081
2024-12-16,14,B01,0.2174201388888889,-58.8678377,-27.4652393
2024-12-16,14,B02,0.26453333333333334,-58.8678377,-27.4652393
2024-12-16,14,B03,0.32664444444444446,-58.8678377,-27.4652393
2024-12-16,14,B04,0.3906,-58.8678377,-27.4652393
2024-12-16,14,B05,0.3985048611111111,-58.8678377,-27.4652393
2024-12-16,14,B06,0.3053777777777778,-58.8678377,-27.4652393
2024-12-16,14,B07,0.3090104166666667,-58.8678377,-27.4652393
2024-12-16,14,B08,0.2902666666666667,-58.8678377,-27.4652393
2024-12-16,14,B8A,0.2559618055555556,-58.8678377,-27.4652393
2024-12-16,14,B11,0.15519444444444444,-58.8678377,-27.4652393
2024-12-16,14,B12,0.1496354166666667,-58.8678377,-27.4652393
2025-06-09,1,B01,0.1396777777777778,-58.8680992,-27.4643763
2025-06-09,1,B02,0.15381111111111112,-58.8680992,-27.4643763
2025-06-09,1,B03,0.17737777777777777,-58.8680992,-27.4643763
2025-06-09,1,B04,0.21113333333333337,-58.8680992,-27.4643763
2025-06-09,1,B05,0.22632222222222223,-58.8680992,-27.4643763
2025-06-09,1,B06,0.1884,-58.8680992,-27.4643763
2025-06-09,1,B07,0.1901,-58.8680992,-27.4643763
2025-06-09,1,B08,0.17115555555555556,-58.8680992,-27.4643763
2025-06-09,1,B8A,0.17396666666666669,-58.8680992,-27.4643763
2025-06-09,1,B11,0.16413333333333333,-58.8680992,-27.4643763
2025-06-09,1,B12,0.16234444444444443,-58.8680992,-27.4643763
2025-06-09,2,B01,0.1396777777777778,-58.8680992,-27.4643763
2025-06-09,2,B02,0.15381111111111112,-58.8680992,-27.4643763
2025-06-09,2,B03,0.17737777777777777,-58.8680992,-27.4643763
2025-06-09,2,B04,0.21113333333333337,-58.8680992,-27.4643763
2025-06-09,2,B05,0.22632222222222223,-58.8680992,-27.4643763
2025-06-09,2,B06,0.1884,-58.8680992,-27.4643763
2025-06-09,2,B07,0.1901,-58.8680992,-27.4643763
2025-06-09,2,B08,0.17115555555555556,-58.8680992,-27.4643763
2025-06-09,2,B8A,0.17396666666666669,-58.8680992,-27.4643763
2025-06-09,2,B11,0.16413333333333333,-58.8680992,-27.4643763
2025-06-09,2,B12,0.16234444444444443,-58.8680992,-27.4643763
2025-06-09,3,B01,0.11072222222222222,-58.8667997,-27.465176
2025-06-09,3,B02,0.1329,-58.8667997,-27.465176
2025-06-09,3,B03,0.1584222222222222,-58.8667997,-27.465176
2025-06-09,3,B04,0.19567777777777776,-58.8667997,-27.465176
2025-06-09,3,B05,0.20133333333333336,-58.8667997,-27.465176
2025-06-09,3,B06,0.15802222222222223,-58.8667997,-27.465176
2025-06-09,3,B07,0.16226666666666667,-58.8667997,-27.465176
2025-06-09,3,B08,0.1526888888888889,-58.8667997,-27.465176
2025-06-09,3,B8A,0.1368333333333333,-58.8667997,-27.465176
2025-06-09,3,B11,0.1032777777777778,-58.8667997,-27.465176
2025-06-09,3,B12,0.10301111111111112,-58.8667997,-27.465176
2025-06-09,4,B01,0.11152222222222222,-58.8660865,-27.4656671
2025-06-09,4,B02,0.13391111111111112,-58.8660865,-27.4656671
2025-06-09,4,B03,0.15794444444444444,-58.8660865,-27.4656671
2025-06-09,4,B04,0.19474444444444444,-58.8660865,-27.4656671
2025-06-09,4,B05,0.19813333333333333,-58.8660865,-27.4656671
2025-06-09,4,B06,0.15753333333333333,-58.8660865,-27.4656671
2025-06-09,4,B07,0.16005555555555556,-58.8660865,-27.4656671
2025-06-09,4,B08,0.1547111111111111,-58.8660865,-27.4656671
2025-06-09,4,B8A,0.13843333333333332,-58.8660865,-27.4656671
2025-06-09,4,B11,0.10295555555555556,-58.8660865,-27.4656671
2025-06-09,4,B12,0.10242222222222222,-58.8660865,-27.4656671
2025-06-09,5,B01,0.1116888888888889,-58.8655524,-27.4662249
2025-06-09,5,B02,0.13566666666666669,-58.8655524,-27.4662249
2025-06-09,5,B03,0.1603777777777778,-58.8655524,-27.4662249
2025-06-09,5,B04,0.19427777777777777,-58.8655524,-27.4662249
2025-06-09,5,B05,0.19735555555555556,-58.8655524,-27.4662249
2025-06-09,5,B06,0.15231111111111112,-58.8655524,-27.4662249
2025-06-09,5,B07,0.15432222222222222,-58.8655524,-27.4662249
2025-06-09,5,B08,0.14708888888888888,-58.8655524,-27.4662249
2025-06-09,5,B8A,0.13575555555555557,-58.8655524,-27.4662249
2025-06-09,5,B11,0.10304444444444444,-58.8655524,-27.4662249
2025-06-09,5,B12,0.10171111111111111,-58.8655524,-27.4662249
2025-06-09,6,B01,0.1121,-58.8650405,-27.4667455
2025-06-09,6,B02,0.13435555555555556,-58.8650405,-27.4667455
2025-06-09,6,B03,0.16042222222222222,-58.8650405,-27.4667455
2025-06-09,6,B04,0.1912888888888889,-58.8650405,-27.4667455
2025-06-09,6,B05,0.19095555555555557,-58.8650405,-27.4667455
2025-06-09,6,B06,0.1488888888888889,-58.8650405,-27.4667455
2025-06-09,6,B07,0.14981111111111112,-58.8650405,-27.4667455
2025-06-09,6,B08,0.144,-58.8650405,-27.4667455
2025-06-09,6,B8A,0.1270111111111111,-58.8650405,-27.4667455
2025-06-09,6,B11,0.10283333333333332,-58.8650405,-27.4667455
2025-06-09,6,B12,0.10173333333333334,-58.8650405,-27.4667455
2025-06-09,7,B01,0.11095555555555556,-58.8643696,-27.467281
2025-06-09,7,B02,0.1340777777777778,-58.8643696,-27.467281
2025-06-09,7,B03,0.15917777777777778,-58.8643696,-27.467281
2025-06-09,7,B04,0.18884444444444445,-58.8643696,-27.467281
2025-06-09,7,B05,0.18582222222222225,-58.8643696,-27.467281
2025-06-09,7,B06,0.14202222222222222,-58.8643696,-27.467281
2025-06-09,7,B07,0.14624444444444443,-58.8643696,-27.467281
2025-06-09,7,B08,0.1424,-58.8643696,-27.467281
2025-06-09,7,B8A,0.12498888888888889,-58.8643696,-27.467281
2025-06-09,7,B11,0.102,-58.8643696,-27.467281
2025-06-09,7,B12,0.10197777777777778,-58.8643696,-27.467281
2025-06-09,8,B01,0.10986666666666668,-58.8638821,-27.4677915
2025-06-09,8,B02,0.13285555555555556,-58.8638821,-27.4677915
2025-06-09,8,B03,0.1593,-58.8638821,-27.4677915
2025-06-09,8,B04,0.1859111111111111,-58.8638821,-27.4677915
2025-06-09,8,B05,0.1826111111111111,-58.8638821,-27.4677915
2025-06-09,8,B06,0.13892222222222222,-58.8638821,-27.4677915
2025-06-09,8,B07,0.1410888888888889,-58.8638821,-27.4677915
2025-06-09,8,B08,0.13515555555555556,-58.8638821,-27.4677915
2025-06-09,8,B8A,0.12314444444444445,-58.8638821,-27.4677915
2025-06-09,8,B11,0.10216666666666668,-58.8638821,-27.4677915
2025-06-09,8,B12,0.10178888888888887,-58.8638821,-27.4677915
2025-06-09,9,B01,0.11022222222222222,-58.8633339,-27.4683995
2025-06-09,9,B02,0.134,-58.8633339,-27.4683995
2025-06-09,9,B03,0.15896666666666667,-58.8633339,-27.4683995
2025-06-09,9,B04,0.18004444444444442,-58.8633339,-27.4683995
2025-06-09,9,B05,0.17357777777777778,-58.8633339,-27.4683995
2025-06-09,9,B06,0.13193333333333332,-58.8633339,-27.4683995
2025-06-09,9,B07,0.13496666666666668,-58.8633339,-27.4683995
2025-06-09,9,B08,0.12894444444444444,-58.8633339,-27.4683995
2025-06-09,9,B8A,0.11657777777777778,-58.8633339,-27.4683995
2025-06-09,9,B11,0.10216666666666668,-58.8633339,-27.4683995
2025-06-09,9,B12,0.10138888888888888,-58.8633339,-27.4683995
2025-06-09,10,B01,0.11144444444444444,-58.8628957,-27.469026
2025-06-09,10,B02,0.1340888888888889,-58.8628957,-27.469026
2025-06-09,10,B03,0.1582777777777778,-58.8628957,-27.469026
2025-06-09,10,B04,0.1761111111111111,-58.8628957,-27.469026
2025-06-09,10,B05,0.17004444444444444,-58.8628957,-27.469026
2025-06-09,10,B06,0.12793333333333332,-58.8628957,-27.469026
2025-06-09,10,B07,0.13055555555555556,-58.8628957,-27.469026
2025-06-09,10,B08,0.12463333333333332,-58.8628957,-27.469026
2025-06-09,10,B8A,0.11413333333333332,-58.8628957,-27.469026
2025-06-09,10,B11,0.10347777777777778,-58.8628957,-27.469026
2025-06-09,10,B12,0.10214444444444444,-58.8628957,-27.469026
2025-06-09,11,B01,0.1122888888888889,-58.8619898,-27.4702427
2025-06-09,11,B02,0.1328111111111111,-58.8619898,-27.4702427
2025-06-09,11,B03,0.15613333333333332,-58.8619898,-27.4702427
2025-06-09,11,B04,0.1649,-58.8619898,-27.4702427
2025-06-09,11,B05,0.15675555555555556,-58.8619898,-27.4702427
2025-06-09,11,B06,0.1197,-58.8619898,-27.4702427
2025-06-09,11,B07,0.1198,-58.8619898,-27.4702427
2025-06-09,11,B08,0.11661111111111112,-58.8619898,-27.4702427
2025-06-09,11,B8A,0.10972222222222222,-58.8619898,-27.4702427
2025-06-09,11,B11,0.10236666666666666,-58.8619898,-27.4702427
2025-06-09,11,B12,0.1017222222222222,-58.8619898,-27.4702427
2025-06-09,12,B01,0.11013333333333332,-58.8608351,-27.4709679
2025-06-09,12,B02,0.13134444444444443,-58.8608351,-27.4709679
2025-06-09,12,B03,0.1535111111111111,-58.8608351,-27.4709679
2025-06-09,12,B04,0.1531888888888889,-58.8608351,-27.4709679
2025-06-09,12,B05,0.1423888888888889,-58.8608351,-27.4709679
2025-06-09,12,B06,0.11252222222222222,-58.8608351,-27.4709679
2025-06-09,12,B07,0.11485555555555556,-58.8608351,-27.4709679
2025-06-09,12,B08,0.11221111111111112,-58.8608351,-27.4709679
2025-06-09,12,B8A,0.10626666666666668,-58.8608351,-27.4709679
2025-06-09,12,B11,0.10135555555555556,-58.8608351,-27.4709679
2025-06-09,12,B12,0.10216666666666668,-58.8608351,-27.4709679
2025-06-09,13,B01,0.10835555555555557,-58.860182,-27.4719335
2025-06-09,13,B02,0.1289,-58.860182,-27.4719335
2025-06-09,13,B03,0.1473888888888889,-58.860182,-27.4719335
2025-06-09,13,B04,0.1372888888888889,-58.860182,-27.4719335
2025-06-09,13,B05,0.12714444444444442,-58.860182,-27.4719335
2025-06-09,13,B06,0.10776666666666668,-58.860182,-27.4719335
2025-06-09,13,B07,0.1075222222222222,-58.860182,-27.4719335
2025-06-09,13,B08,0.10662222222222222,-58.860182,-27.4719335
2025-06-09,13,B8A,0.10242222222222222,-58.860182,-27.4719335
2025-06-09,13,B11,0.101,-58.860182,-27.4719335
2025-06-09,13,B12,0.1015888888888889,-58.860182,-27.4719335
2025-06-09,14,B01,0.1093888888888889,-58.8590467,-27.4731124
2025-06-09,14,B02,0.1259111111111111,-58.8590467,-27.4731124
2025-06-09,14,B03,0.14504444444444445,-58.8590467,-27.4731124
2025-06-09,14,B04,0.12855555555555556,-58.8590467,-27.4731124
2025-06-09,14,B05,0.11934444444444443,-58.8590467,-27.4731124
2025-06-09,14,B06,0.10505555555555555,-58.8590467,-27.4731124
2025-06-09,14,B07,0.10564444444444444,-58.8590467,-27.4731124
2025-06-09,14,B08,0.1051777777777778,-58.8590467,-27.4731124
2025-06-09,14,B8A,0.1036777777777778,-58.8590467,-27.4731124
2025-06-09,14,B11,0.10356666666666668,-58.8590467,-27.4731124
2025-06-09,14,B12,0.10264444444444444,-58.8590467,-27.4731124
2025-06-09,15,B01,0.10837777777777778,-58.858122,-27.4735954
2025-06-09,15,B02,0.12715555555555558,-58.858122,-27.4735954
2025-06-09,15,B03,0.14151111111111112,-58.858122,-27.4735954
2025-06-09,15,B04,0.12552222222222223,-58.858122,-27.4735954
2025-06-09,15,B05,0.1162777777777778,-58.858122,-27.4735954
2025-06-09,15,B06,0.10407777777777778,-58.858122,-27.4735954
2025-06-09,15,B07,0.10541111111111112,-58.858122,-27.4735954
2025-06-09,15,B08,0.10357777777777778,-58.858122,-27.4735954
2025-06-09,15,B8A,0.10378888888888887,-58.858122,-27.4735954
2025-06-09,15,B11,0.10364444444444444,-58.858122,-27.4735954
2025-06-09,15,B12,0.10221111111111111,-58.858122,-27.4735954
2025-06-09,16,B01,0.11098888888888889,-58.8572993,-27.4739893
2025-06-09,16,B02,0.12587777777777778,-58.8572993,-27.4739893
2025-06-09,16,B03,0.14254444444444445,-58.8572993,-27.4739893
2025-06-09,16,B04,0.1262888888888889,-58.8572993,-27.4739893
2025-06-09,16,B05,0.11765555555555555,-58.8572993,-27.4739893
2025-06-09,16,B06,0.10511111111111111,-58.8572993,-27.4739893
2025-06-09,16,B07,0.10592222222222222,-58.8572993,-27.4739893
2025-06-09,16,B08,0.1058,-58.8572993,-27.4739893
2025-06-09,16,B8A,0.10275555555555556,-58.8572993,-27.4739893
2025-06-09,16,B11,0.10595555555555557,-58.8572993,-27.4739893
2025-06-09,16,B12,0.1051222222222222,-58.8572993,-27.4739893
2025-09-12,1,B01,0.15397777777777777,-58.8679979,-27.4642555
2025-09-12,1,B02,0.15406666666666669,-58.8679979,-27.4642555
2025-09-12,1,B03,0.17805555555555558,-58.8679979,-27.4642555
2025-09-12,1,B04,0.1942222222222222,-58.8679979,-27.4642555
2025-09-12,1,B05,0.19263333333333332,-58.8679979,-27.4642555
2025-09-12,1,B06,0.1585,-58.8679979,-27.4642555
2025-09-12,1,B07,0.1574111111111111,-58.8679979,-27.4642555
2025-09-12,1,B08,0.14895555555555556,-58.8679979,-27.4642555
2025-09-12,1,B8A,0.15106666666666668,-58.8679979,-27.4642555
2025-09-12,1,B11,0.1585,-58.8679979,-27.4642555
2025-09-12,1,B12,0.1623666666666667,-58.8679979,-27.4642555
2025-09-12,2,B01,0.1247111111111111,-58.867435,-27.4646958
2025-09-12,2,B02,0.13625555555555557,-58.867435,-27.4646958
2025-09-12,2,B03,0.1614888888888889,-58.867435,-27.4646958
2025-09-12,2,B04,0.17967777777777777,-58.867435,-27.4646958
2025-09-12,2,B05,0.17105555555555557,-58.867435,-27.4646958
2025-09-12,2,B06,0.1334,-58.867435,-27.4646958
2025-09-12,2,B07,0.1322222222222222,-58.867435,-27.4646958
2025-09-12,2,B08,0.12973333333333334,-58.867435,-27.4646958
2025-09-12,2,B8A,0.12001111111111111,-58.867435,-27.4646958
2025-09-12,2,B11,0.11162222222222222,-58.867435,-27.4646958
2025-09-12,2,B12,0.11018888888888889,-58.867435,-27.4646958
2025-09-12,3,B01,0.12526666666666667,-58.8667423,-27.4652295
2025-09-12,3,B02,0.13725555555555558,-58.8667423,-27.4652295
2025-09-12,3,B03,0.16092222222222222,-58.8667423,-27.4652295
2025-09-12,3,B04,0.1776,-58.8667423,-27.4652295
2025-09-12,3,B05,0.1678222222222222,-58.8667423,-27.4652295
2025-09-12,3,B06,0.1302,-58.8667423,-27.4652295
2025-09-12,3,B07,0.1307,-58.8667423,-27.4652295
2025-09-12,3,B08,0.12653333333333333,-58.8667423,-27.4652295
2025-09-12,3,B8A,0.11977777777777779,-58.8667423,-27.4652295
2025-09-12,3,B11,0.11093333333333333,-58.8667423,-27.4652295
2025-09-12,3,B12,0.10778888888888889,-58.8667423,-27.4652295
2025-09-12,4,B01,0.12646666666666667,-58.866003,-27.46574
2025-09-12,4,B02,0.13927777777777778,-58.866003,-27.46574
2025-09-12,4,B03,0.16373333333333331,-58.866003,-27.46574
2025-09-12,4,B04,0.17543333333333333,-58.866003,-27.46574
2025-09-12,4,B05,0.16746666666666668,-58.866003,-27.46574
2025-09-12,4,B06,0.12995555555555557,-58.866003,-27.46574
2025-09-12,4,B07,0.1292888888888889,-58.866003,-27.46574
2025-09-12,4,B08,0.12536666666666668,-58.866003,-27.46574
2025-09-12,4,B8A,0.11905555555555557,-58.866003,-27.46574
2025-09-12,4,B11,0.11232222222222221,-58.866003,-27.46574
2025-09-12,4,B12,0.11041111111111111,-58.866003,-27.46574
2025-09-12,5,B01,0.12492222222222221,-58.8654451,-27.4662148
2025-09-12,5,B02,0.13754444444444444,-58.8654451,-27.4662148
2025-09-12,5,B03,0.16164444444444442,-58.8654451,-27.4662148
2025-09-12,5,B04,0.1706111111111111,-58.8654451,-27.4662148
2025-09-12,5,B05,0.15782222222222222,-58.8654451,-27.4662148
2025-09-12,5,B06,0.12425555555555556,-58.8654451,-27.4662148
2025-09-12,5,B07,0.12364444444444443,-58.8654451,-27.4662148
2025-09-12,5,B08,0.12262222222222222,-58.8654451,-27.4662148
2025-09-12,5,B8A,0.11544444444444443,-58.8654451,-27.4662148
2025-09-12,5,B11,0.11073333333333332,-58.8654451,-27.4662148
2025-09-12,5,B12,0.10966666666666668,-58.8654451,-27.4662148
2025-09-12,6,B01,0.12415555555555556,-58.8648135,-27.4668458
2025-09-12,6,B02,0.13736666666666666,-58.8648135,-27.4668458
2025-09-12,6,B03,0.1615,-58.8648135,-27.4668458
2025-09-12,6,B04,0.16618888888888889,-58.8648135,-27.4668458
2025-09-12,6,B05,0.15404444444444443,-58.8648135,-27.4668458
2025-09-12,6,B06,0.12256666666666667,-58.8648135,-27.4668458
2025-09-12,6,B07,0.12225555555555556,-58.8648135,-27.4668458
2025-09-12,6,B08,0.1207,-58.8648135,-27.4668458
2025-09-12,6,B8A,0.11471111111111111,-58.8648135,-27.4668458
2025-09-12,6,B11,0.10922222222222222,-58.8648135,-27.4668458
2025-09-12,6,B12,0.10841111111111111,-58.8648135,-27.4668458
2025-09-12,7,B01,0.12484444444444444,-58.8639324,-27.4671757
2025-09-12,7,B02,0.12063333333333333,-58.8639324,-27.4671757
2025-09-12,7,B03,0.1340222222222222,-58.8639324,-27.4671757
2025-09-12,7,B04,0.13354444444444444,-58.8639324,-27.4671757
2025-09-12,7,B05,0.13234444444444443,-58.8639324,-27.4671757
2025-09-12,7,B06,0.11644444444444443,-58.8639324,-27.4671757
2025-09-12,7,B07,0.11613333333333332,-58.8639324,-27.4671757
2025-09-12,7,B08,0.11075555555555557,-58.8639324,-27.4671757
2025-09-12,7,B8A,0.11197777777777779,-58.8639324,-27.4671757
2025-09-12,7,B11,0.1132,-58.8639324,-27.4671757
2025-09-12,7,B12,0.1119,-58.8639324,-27.4671757
2025-09-12,8,B01,0.1238888888888889,-58.8635844,-27.4677546
2025-09-12,8,B02,0.13404444444444444,-58.8635844,-27.4677546
2025-09-12,8,B03,0.1572222222222222,-58.8635844,-27.4677546
2025-09-12,8,B04,0.1535111111111111,-58.8635844,-27.4677546
2025-09-12,8,B05,0.1381111111111111,-58.8635844,-27.4677546
2025-09-12,8,B06,0.11467777777777778,-58.8635844,-27.4677546
2025-09-12,8,B07,0.11347777777777779,-58.8635844,-27.4677546
2025-09-12,8,B08,0.11352222222222222,-58.8635844,-27.4677546
2025-09-12,8,B8A,0.10973333333333332,-58.8635844,-27.4677546
2025-09-12,8,B11,0.10717777777777779,-58.8635844,-27.4677546
2025-09-12,8,B12,0.10723333333333332,-58.8635844,-27.4677546
2025-09-12,9,B01,0.1228,-58.86294,-27.4684694
2025-09-12,9,B02,0.1345,-58.86294,-27.4684694
2025-09-12,9,B03,0.16033333333333333,-58.86294,-27.4684694
2025-09-12,9,B04,0.1496222222222222,-58.86294,-27.4684694
2025-09-12,9,B05,0.13524444444444444,-58.86294,-27.4684694
2025-09-12,9,B06,0.11733333333333333,-58.86294,-27.4684694
2025-09-12,9,B07,0.11403333333333332,-58.86294,-27.4684694
2025-09-12,9,B08,0.11287777777777779,-58.86294,-27.4684694
2025-09-12,9,B8A,0.1074888888888889,-58.86294,-27.4684694
2025-09-12,9,B11,0.10703333333333333,-58.86294,-27.4684694
2025-09-12,9,B12,0.10807777777777779,-58.86294,-27.4684694
2025-09-12,10,B01,0.12564444444444445,-58.8628856,-27.4693229
2025-09-12,10,B02,0.1356888888888889,-58.8628856,-27.4693229
2025-09-12,10,B03,0.1611,-58.8628856,-27.4693229
2025-09-12,10,B04,0.14695555555555556,-58.8628856,-27.4693229
2025-09-12,10,B05,0.13298888888888888,-58.8628856,-27.4693229
2025-09-12,10,B06,0.11315555555555556,-58.8628856,-27.4693229
2025-09-12,10,B07,0.11242222222222222,-58.8628856,-27.4693229
2025-09-12,10,B08,0.1108888888888889,-58.8628856,-27.4693229
2025-09-12,10,B8A,0.10957777777777779,-58.8628856,-27.4693229
2025-09-12,10,B11,0.10696666666666667,-58.8628856,-27.4693229
2025-09-12,10,B12,0.1052,-58.8628856,-27.4693229
2025-09-12,11,B01,0.12524444444444444,-58.8618802,-27.4702215
2025-09-12,11,B02,0.13591111111111112,-58.8618802,-27.4702215
2025-09-12,11,B03,0.16095555555555557,-58.8618802,-27.4702215
2025-09-12,11,B04,0.14456666666666668,-58.8618802,-27.4702215
2025-09-12,11,B05,0.13024444444444444,-58.8618802,-27.4702215
2025-09-12,11,B06,0.11033333333333332,-58.8618802,-27.4702215
2025-09-12,11,B07,0.11176666666666668,-58.8618802,-27.4702215
2025-09-12,11,B08,0.11032222222222221,-58.8618802,-27.4702215
2025-09-12,11,B8A,0.10806666666666667,-58.8618802,-27.4702215
2025-09-12,11,B11,0.10642222222222222,-58.8618802,-27.4702215
2025-09-12,11,B12,0.10537777777777778,-58.8618802,-27.4702215
2025-09-12,12,B01,0.12635555555555555,-58.8611127,-27.4710116
2025-09-12,12,B02,0.1361888888888889,-58.8611127,-27.4710116
2025-09-12,12,B03,0.16341111111111112,-58.8611127,-27.4710116
2025-09-12,12,B04,0.14514444444444444,-58.8611127,-27.4710116
2025-09-12,12,B05,0.13082222222222223,-58.8611127,-27.4710116
2025-09-12,12,B06,0.11186666666666667,-58.8611127,-27.4710116
2025-09-12,12,B07,0.11136666666666667,-58.8611127,-27.4710116
2025-09-12,12,B08,0.10917777777777778,-58.8611127,-27.4710116
2025-09-12,12,B8A,0.1087111111111111,-58.8611127,-27.4710116
2025-09-12,12,B11,0.10714444444444443,-58.8611127,-27.4710116
2025-09-12,12,B12,0.10558888888888888,-58.8611127,-27.4710116
2025-09-12,13,B01,0.1259111111111111,-58.8600033,-27.4721777
2025-09-12,13,B02,0.13622222222222222,-58.8600033,-27.4721777
2025-09-12,13,B03,0.16383333333333333,-58.8600033,-27.4721777
2025-09-12,13,B04,0.1448222222222222,-58.8600033,-27.4721777
2025-09-12,13,B05,0.1310777777777778,-58.8600033,-27.4721777
2025-09-12,13,B06,0.11082222222222221,-58.8600033,-27.4721777
2025-09-12,13,B07,0.10954444444444443,-58.8600033,-27.4721777
2025-09-12,13,B08,0.10974444444444444,-58.8600033,-27.4721777
2025-09-12,13,B8A,0.1062,-58.8600033,-27.4721777
2025-09-12,13,B11,0.10612222222222222,-58.8600033,-27.4721777
2025-09-12,13,B12,0.10501111111111111,-58.8600033,-27.4721777
2025-09-12,14,B01,0.12645555555555557,-58.8590099,-27.4729996
2025-09-12,14,B02,0.1361111111111111,-58.8590099,-27.4729996
2025-09-12,14,B03,0.16441111111111112,-58.8590099,-27.4729996
2025-09-12,14,B04,0.14632222222222221,-58.8590099,-27.4729996
2025-09-12,14,B05,0.13215555555555555,-58.8590099,-27.4729996
2025-09-12,14,B06,0.11034444444444444,-58.8590099,-27.4729996
2025-09-12,14,B07,0.111,-58.8590099,-27.4729996
2025-09-12,14,B08,0.10864444444444443,-58.8590099,-27.4729996
2025-09-12,14,B8A,0.10735555555555557,-58.8590099,-27.4729996
2025-09-12,14,B11,0.10772222222222222,-58.8590099,-27.4729996
2025-09-12,14,B12,0.10636666666666668,-58.8590099,-27.4729996
2025-09-12,15,B01,0.12562222222222222,-58.8580479,-27.4734527
2025-09-12,15,B02,0.1365333333333333,-58.8580479,-27.4734527
2025-09-12,15,B03,0.16354444444444444,-58.8580479,-27.4734527
2025-09-12,15,B04,0.14658888888888888,-58.8580479,-27.4734527
2025-09-12,15,B05,0.13214444444444443,-58.8580479,-27.4734527
2025-09-12,15,B06,0.11076666666666668,-58.8580479,-27.4734527
2025-09-12,15,B07,0.11133333333333333,-58.8580479,-27.4734527
2025-09-12,15,B08,0.11063333333333332,-58.8580479,-27.4734527
2025-09-12,15,B8A,0.10781111111111111,-58.8580479,-27.4734527
2025-09-12,15,B11,0.10801111111111111,-58.8580479,-27.4734527
2025-09-12,15,B12,0.10603333333333333,-58.8580479,-27.4734527
2025-09-12,16,B01,0.1269111111111111,-58.8573774,-27.4738801
2025-09-12,16,B02,0.1361777777777778,-58.8573774,-27.4738801
2025-09-12,16,B03,0.1640111111111111,-58.8573774,-27.4738801
2025-09-12,16,B04,0.14687777777777777,-58.8573774,-27.4738801
2025-09-12,16,B05,0.13127777777777777,-58.8573774,-27.4738801
2025-09-12,16,B06,0.1110111111111111,-58.8573774,-27.4738801
2025-09-12,16,B07,0.1105,-58.8573774,-27.4738801
2025-09-12,16,B08,0.11043333333333333,-58.8573774,-27.4738801
2025-09-12,16,B8A,0.10742222222222221,-58.8573774,-27.4738801
2025-09-12,16,B11,0.11017777777777778,-58.8573774,-27.4738801
2025-09-12,16,B12,0.10883333333333332,-58.8573774,-27.4738801
